,crime,number,date,location,beat,neighborhood,npu,lat,long
0,LARCENY-NON VEHICLE,103040029,10/31/2010,610 SPRING ST NW,509,Downtown,M,33.77101,-84.38895
1,AUTO THEFT,103040061,10/31/2010,850 OAK ST SW,401,West End,T,33.74057,-84.4168
2,LARCENY-FROM VEHICLE,103040169,10/31/2010,1344 METROPOLITAN PKWY SW,301,Capitol View Manor,X,33.71803,-84.40774
3,AUTO THEFT,103040174,10/31/2010,1752 PRYOR RD SW,307,Betmar LaVilla,Y,33.70731,-84.39674
4,LARCENY-NON VEHICLE,103040301,10/31/2010,JOHN WESLEY DOBBS AVE NE / CORLEY ST NE,604,Old Fourth Ward,M,33.75947,-84.36626
5,BURGLARY-RESIDENCE,103040333,10/31/2010,430 W WESLEY RD NW,205,Peachtree Battle Alliance,C,33.82838,-84.40133
6,ROBBERY-PEDESTRIAN,103040345,10/31/2010,MYRTLE DR @ PLAZA LN,410,Campbellton Road,R,33.70537,-84.45498
7,LARCENY-NON VEHICLE,103040385,10/31/2010,1980 DELOWE DR SW,410,Campbellton Road,R,33.70121,-84.45724
8,LARCENY-FROM VEHICLE,103040387,10/31/2010,506 MORELAND AVE SE,201,Brandon,C,33.83193,-84.42627
9,LARCENY-FROM VEHICLE,103040412,10/31/2010,229 PEACHTREE ST NE,509,Downtown,M,33.7604,-84.38746
10,AGG ASSAULT,103040443,10/31/2010,1083 EUCLID AVE NE,602,Inman Park,N,33.76309,-84.3516
11,AGG ASSAULT,103040472,10/31/2010,2315 DONALD LEE HOLLOWELL BLVD NW ,109,Center Hill,J,33.77725,-84.46072
12,LARCENY-FROM VEHICLE,103040475,10/31/2010,3475 LENOX RD NE,210,Lenox,B,33.84922,-84.36056
13,LARCENY-FROM VEHICLE,103040504,10/31/2010,800 SIDNEY MARCUS BLVD NE,211,Lindbergh/Morosgo,B,33.82674,-84.36131
14,RAPE,103040611,10/31/2010,210 PEACHTREE ST,508,Downtown,M,33.75946,-84.38769
15,LARCENY-NON VEHICLE,103040646,10/31/2010,610 SPRING ST NW,509,Downtown,M,33.77101,-84.38895
16,AUTO THEFT,103040890,10/31/2010,202 RICHARDSON ST SW ,303,Mechanicsville,V,33.74075,-84.39454
17,AGG ASSAULT,103040893,10/31/2010,450 THOMASVILLE BLVD SE,308,Thomasville Heights,Z,33.70604,-84.35916
18,LARCENY-FROM VEHICLE,103040928,10/31/2010,2591 PIEDMONT RD NE,211,Lindbergh/Morosgo,B,33.82543,-84.36706
19,LARCENY-NON VEHICLE,103040964,10/31/2010,678 HILL ST SE,605,Grant Park,W,33.73611,-84.37812
20,AUTO THEFT,103040966,10/31/2010,165 MARION PL NE,609,Edgewood,O,33.75795,-84.34501
21,LARCENY-FROM VEHICLE,103040970,10/31/2010,1116 LINDRIDGE DR NE,212,Lindridge/Martin Manor,F,33.8199,-84.35326
22,BURGLARY-RESIDENCE,103040973,10/31/2010,149 26TH ST NW,207,Brookwood,E,33.80253,-84.39776
23,AUTO THEFT,103040981,10/31/2010,901 BOLTON RD NW,114,Bankhead/Bolton,H,33.77948,-84.49901
24,LARCENY-NON VEHICLE,103041004,10/31/2010,36 HARRIS ST NW,508,Downtown,M,33.76089,-84.38855
25,AGG ASSAULT,103041014,10/31/2010,2019 REYNOLDS DR SW,307,Lakewood Heights,Y,33.69935,-84.40073
26,LARCENY-FROM VEHICLE,103041024,10/31/2010,TRENHOLM ST SW / PETERS ST SW,507,Castleberry Hill,M,33.7456,-84.40378
27,LARCENY-FROM VEHICLE,103041119,10/31/2010,3RD ST NE / PEACHTREE ST NE,505,Midtown,E,33.77368,-84.38477
28,BURGLARY-RESIDENCE,103041130,10/31/2010,600 GREENSFERRY AVE SW,101,The Villages at Castleberry H,T,33.74662,-84.40755
29,AUTO THEFT,103041136,10/31/2010,1306 HILL ST SE,305,Chosewood Park,Y,33.71875,-84.37852
30,ROBBERY-PEDESTRIAN,103041159,10/31/2010,1168 BENTEEN AVE SE,607,Boulevard Heights,W,33.72273,-84.36697
31,BURGLARY-NONRES,103041162,10/31/2010,640 NORTH AVE NE,603,Old Fourth Ward,M,33.77121,-84.36562
32,LARCENY-FROM VEHICLE,103041181,10/31/2010,2011 VENETIAN DR SW,409,Adams Park,R,33.71509,-84.4543
33,AGG ASSAULT,103041184,10/31/2010,3200 STONE RD SW,411,Greenbriar,R,33.6697,-84.49403
34,BURGLARY-RESIDENCE,103041224,10/31/2010,292 MORGAN PLACE S.E.,611,East Lake,O,33.74446,-84.29171
35,LARCENY-FROM VEHICLE,103041231,10/31/2010,701 KENNOLIA DR SW,404,Westwood Terrace,I,33.73611,-84.44924
36,BURGLARY-NONRES,103041236,10/31/2010,2777 BURTON RD NW,111,Westhaven,I,33.75615,-84.47873
37,AUTO THEFT,103041244,10/31/2010,3909 CAMPBELLTON RD SW,412,Kings Forest,P,33.6924,-84.51637
38,AUTO THEFT,103041255,10/31/2010,3334 PEACHTREE RD NE ,208,North Buckhead,B,33.84911,-84.37075
39,LARCENY-NON VEHICLE,103041263,10/31/2010,2700 PINE TREE DR NE,210,Pine Hills,B,33.82606,-84.35908
40,AUTO THEFT,103041268,10/31/2010,372 LEGACY DR SW,104,Harris Chiles,T,33.74385,-84.41909
41,LARCENY-NON VEHICLE,103041286,10/31/2010,302 DEERING RD NW,207,Loring Heights,E,33.79592,-84.399
42,LARCENY-FROM VEHICLE,103041308,10/31/2010,2086 CARVER DR,108,Dixie Hills,J,33.75973,-84.46253
43,LARCENY-FROM VEHICLE,103041311,10/31/2010,659 LARKIN ST SW,101,Atlanta University Center,T,33.74826,-84.40905
44,LARCENY-FROM VEHICLE,103041315,10/31/2010,1011 MONROE DR NE,601,Virginia Highland,F,33.78243,-84.36835
45,BURGLARY-RESIDENCE,103041320,10/31/2010,556 CAIRO ST NW,106,Bankhead,K,33.76982,-84.41967
46,AUTO THEFT,103041333,10/31/2010,564 GRESHAM AVE SE,612,East Atlanta,W,33.73892,-84.34559
47,LARCENY-NON VEHICLE,103041390,10/31/2010,424 FLAT SHOALS AVE SE,612,East Atlanta,W,33.74249,-84.34745
48,AUTO THEFT,103041397,10/31/2010,1128 ATLANTIC DR NW,501,Home Park,E,33.78548,-84.39813
49,LARCENY-FROM VEHICLE,103041424,10/31/2010,COURTLAND ST NE / HARRIS ST NE,509,Downtown,M,33.76094,-84.38418
50,LARCENY-NON VEHICLE,103041455,10/31/2010,FORSYTH ST NW / MARIETTA ST NW,511,Downtown,M,33.75543,-84.39104
51,LARCENY-NON VEHICLE,103041457,10/31/2010,3393 PEACHTREE RD NE @LENOX MALL,210,Lenox,B,33.84676,-84.36212
52,BURGLARY-RESIDENCE,103041472,10/31/2010,2412 WOODWARD WAY NW,205,Peachtree Battle Alliance,C,33.8193,-84.39688
53,LARCENY-NON VEHICLE,103041544,10/31/2010,510 PARKWAY DR NE,603,Old Fourth Ward,M,33.76822,-84.3734
54,LARCENY-FROM VEHICLE,103041546,10/31/2010,7TH ST NE / JUNIPER ST NE,505,Midtown,E,33.77843,-84.38274
55,LARCENY-NON VEHICLE,103041549,10/31/2010,3393 PEACHTREE RD NE @LENOX MALL,210,Lenox,B,33.84676,-84.36212
56,LARCENY-FROM VEHICLE,103041561,10/31/2010,JUNIPER ST NE / 10TH ST NE,503,Midtown,E,33.78175,-84.3825
57,LARCENY-FROM VEHICLE,103041582,10/31/2010,1424 N HIGHLAND AVE NE,213,Morningside/Lenox Park,F,33.79351,-84.35148
58,LARCENY-FROM VEHICLE,103041587,10/31/2010,836 MITCHELL ST SW,101,Atlanta University Center,T,33.75327,-84.41491
59,AUTO THEFT,103041588,10/31/2010,259 RICHARDSON ST SW,303,Mechanicsville,V,33.74083,-84.39654
60,BURGLARY-RESIDENCE,103041599,10/31/2010,3324 LYNFIELD LANE,406,Green Forest Acres,I,33.73257,-84.49651
61,BURGLARY-RESIDENCE,103041607,10/31/2010,941 MORELAND DR SE,607,Custer/McDonough/Guice,W,33.7088,-84.35813
62,AGG ASSAULT,103041647,10/31/2010,1123 JONES AVE,110,Grove Park,J,33.78545,-84.45178
63,LARCENY-FROM VEHICLE,103041669,10/31/2010,15 PEACHTREE ST SE,511,Downtown,M,33.75399,-84.38986
64,AUTO THEFT,103041670,10/31/2010,303 PARKWAY DR NE,604,Old Fourth Ward,M,33.76286,-84.37405
65,AGG ASSAULT,103041672,10/31/2010,240 OAK DR SE ,312,Glenrose Heights,Z,33.6685,-84.38684
66,LARCENY-NON VEHICLE,103041700,10/31/2010,50 ALABAMA ST SW,511,Downtown,M,33.75194,-84.38964
67,LARCENY-FROM VEHICLE,103041703,10/31/2010,895 RALPH D ABERNATHY BLVD SW,401,West End,T,33.7398,-84.41751
68,LARCENY-NON VEHICLE,103041704,10/31/2010,1801 HOWELL MILL RD NW,204,Berkeley Park,D,33.80388,-84.41278
69,AUTO THEFT,103041722,10/31/2010,260 HOLLY RD NW,106,Knight Park/Howell Station,K,33.78633,-84.42786
70,LARCENY-NON VEHICLE,103041741,10/31/2010,3393 PEACHTREE RD NE,210,Lenox,B,33.84676,-84.36212
71,LARCENY-NON VEHICLE,103041747,10/31/2010,1195 WOODLAND AVE NE,213,Lindridge/Martin Manor,F,33.81477,-84.34908
72,LARCENY-NON VEHICLE,103041750,10/31/2010,1801 HOWELL MILL RD NW,204,Berkeley Park,D,33.80388,-84.41278
73,LARCENY-FROM VEHICLE,103041776,10/31/2010,PRATT ST SE / ARMSTRONG ST SE,510,Downtown,M,33.75187,-84.38083
74,LARCENY-NON VEHICLE,103041793,10/31/2010,1111 ARLINGTON AVE,402,Oakland City,S,33.72418,-84.42425
75,AUTO THEFT,103041794,10/31/2010,2715 PEACHTREE RD NE,206,Garden Hills,B,33.82924,-84.38579
76,LARCENY-FROM VEHICLE,103041832,10/31/2010,1117 SAINT CHARLES PL NE,601,Atkins Park,F,33.77518,-84.35081
77,LARCENY-FROM VEHICLE,103041860,10/31/2010,480 JOHN WESLEY DOBBS AVE NE,604,Old Fourth Ward,M,33.75961,-84.37127
78,BURGLARY-RESIDENCE,103041864,10/31/2010,765 MCDANIEL ST SW,302,Pittsburgh,V,33.73396,-84.40177
79,LARCENY-NON VEHICLE,103041887,10/31/2010,2178 CAMPBELLTON RD SW,410,Campbellton Road,R,33.70514,-84.45947
80,AGG ASSAULT,103041966,10/31/2010,1655 ROGERS AVE SW,404,Westview,T,33.73751,-84.44186
81,AGG ASSAULT,103041975,10/31/2010,608 MCDANIEL STREET,303,Mechanicsville,V,33.73849,-84.40166
82,AUTO THEFT,103041987,10/31/2010,901 BOLTON ROAD NW,114,Bankhead/Bolton,H,33.77948,-84.49901
83,LARCENY-FROM VEHICLE,103042095,10/31/2010,829 BECKWITH ST SW,101,Atlanta University Center,T,33.75233,-84.41473
84,BURGLARY-RESIDENCE,103042108,10/31/2010,208 ADAIR AVE SE,307,Lakewood Heights,Y,33.7064,-84.38124
85,BURGLARY-RESIDENCE,103042121,10/31/2010,1371 KIMBERLY WAY SW,412,Ashley Courts,P,33.71771,-84.52315
86,LARCENY-NON VEHICLE,103042132,10/31/2010,590 CASADE,402,West End,T,33.73812,-84.43276
87,LARCENY-NON VEHICLE,103042148,10/31/2010,1565 WELLSWOOD DR SE,607,Custer/McDonough/Guice,W,33.71184,-84.35625
88,LARCENY-FROM VEHICLE,103042152,10/31/2010,1801 HOWELL MILL RD NW,204,Berkeley Park,D,33.80448,-84.41348
89,AGG ASSAULT,103042163,10/31/2010,1048 FERN AVE SE,304,Peoplestown,V,33.72592,-84.38498
90,LARCENY-NON VEHICLE,103048029,10/31/2010,CONCOURSE C @10700 SPINE RD,50,,,33.64063,-84.43256
91,AUTO THEFT,103032437,10/31/2010,252 W LAKE DR NW,105,West Lake,J,33.76186,-84.43977
92,HOMICIDE,103041842081,10/31/2010,912 JOSEPH E BOONE DR NW,102,Vine City,L,33.76326,-84.41711
93,HOMICIDE,103041495080,10/31/2010,499 FEDERAL TER SE,305,Chosewood Park,Y,33.71465,-84.37172
94,HOMICIDE,103032454079,10/31/2010,1045 DONALD LEE HOLLOWELL PKWY NW,106,Bankhead,K,33.7733,-84.42174
95,HOMICIDE,103040581078,10/31/2010,1025 OAK ST SW,401,West End,T,33.74094,-84.42141
96,LARCENY-FROM VEHICLE,103032441,10/30/2010,3760 PRINCETON LAKES PKWY SW,414,Princeton Lakes,P,33.65781,-84.5092
97,LARCENY-NON VEHICLE,103032507,10/30/2010,80 JESSE HILL JR DR SE,510,Downtown,M,33.75168,-84.38198
98,AGG ASSAULT,103032617,10/30/2010,3380 COLLIER DR NW,114,Fairburn Heights,H,33.76826,-84.49851
99,LARCENY-FROM VEHICLE,103032630,10/30/2010,61 NORTH AVE NW @VARSITY DRIVE INN,505,Midtown,E,33.77138,-84.38943
100,LARCENY-FROM VEHICLE,103031107,10/30/2010,370 NORTHSIDE DR NW,103,English Avenue,L,33.76527,-84.40498
101,LARCENY-FROM VEHICLE,103031141,10/30/2010,1351 ORMEWOOD AVE SE,612,East Atlanta,W,33.73384,-84.34341
102,BURGLARY-RESIDENCE,103031154,10/30/2010,1971 PINE OAK DR SW,404,Westwood Terrace,I,33.7361,-84.45231
103,LARCENY-FROM VEHICLE,103031163,10/30/2010,122 MLK JR DR SW,512,Downtown,M,33.75177,-84.39182
104,BURGLARY-NONRES,103031165,10/30/2010,1935 KIMBERLY RD SW,412,Ben Hill Terrace,P,33.70142,-84.52277
105,BURGLARY-RESIDENCE,103031169,10/30/2010,300 PEACHTREE ST NE,508,Downtown,M,33.76293,-84.38714
106,LARCENY-NON VEHICLE,103031183,10/30/2010,560 DUTCH VALLEY RD NE,213,Morningside/Lenox Park,F,33.79216,-84.36886
107,AUTO THEFT,103031236,10/30/2010,2 13TH ST NE,503,Midtown,E,33.7858,-84.38757
108,LARCENY-FROM VEHICLE,103031257,10/30/2010,23 LARKIN PL SW,507,Castleberry Hill,M,33.74749,-84.40414
109,LARCENY-NON VEHICLE,103031276,10/30/2010,3070 DONALD LEE HOLLOWELL PKWY NW,112,Collier Heights,I,33.78388,-84.48854
110,AUTO THEFT,103031315,10/30/2010,2886 MEMORIAL DR SE,611,East Lake,O,33.74741,-84.29245
111,LARCENY-NON VEHICLE,103031357,10/30/2010,1241 MORELAND AVE SE,607,Woodland Hills,W,33.72055,-84.35045
112,LARCENY-FROM VEHICLE,103031367,10/30/2010,1401 EPWORTH ST SW,403,Venetian Hills,S,33.71691,-84.43098
113,LARCENY-FROM VEHICLE,103031368,10/30/2010,151 14TH ST NW,501,Home Park,E,33.7873,-84.39241
114,LARCENY-FROM VEHICLE,103031385,10/30/2010,BAKER ST NE / PEACHTREE ST NW,508,Downtown,M,33.76226,-84.38755
115,ROBBERY-PEDESTRIAN,103031508,10/30/2010,765 SPRINGLAKE LN NW,205,Springlake,C,33.81108,-84.41356
116,LARCENY-FROM VEHICLE,103031520,10/30/2010,MONROE DR NE / 10TH ST NE,502,Midtown,E,33.78174,-84.36869
117,LARCENY-FROM VEHICLE,103031540,10/30/2010,ARMSTRONG ST SE / PRATT ST SE,510,Downtown,M,33.75187,-84.38083
118,BURGLARY-RESIDENCE,103031563,10/30/2010,1759 CAHOON ST SW,306,Sylvan Hills,X,33.70799,-84.41137
119,LARCENY-NON VEHICLE,103031573,10/30/2010,412 MORELAND AVE NE,602,Inman Park,N,33.76582,-84.34917
120,LARCENY-NON VEHICLE,103031590,10/30/2010,1073 PIEDMONT AVE NE @PIEDMONT PARK,502,Midtown,E,33.78384,-84.37897
121,LARCENY-NON VEHICLE,103031631,10/30/2010,ONE BUCKHEAD LOOP,208,North Buckhead,B,33.84911,-84.37075
122,BURGLARY-RESIDENCE,103031646,10/30/2010,2403 SUNRIDGE AVE SE,310,Browns Mill Park,Z,33.68863,-84.38307
123,LARCENY-NON VEHICLE,103031659,10/30/2010,3393 PEACHTREE RD NE @LENOX MALL,210,Lenox,B,33.84676,-84.36212
124,LARCENY-NON VEHICLE,103031691,10/30/2010,1295 ELIZABETH AVE SW,403,Venetian Hills,S,33.71952,-84.43581
125,LARCENY-NON VEHICLE,103031711,10/30/2010,3393 PEACHTREE RD NE @LENOX MALL,210,Lenox,B,33.84676,-84.36212
126,BURGLARY-RESIDENCE,103031746,10/30/2010,898 CAPITOL VIEW AVE NW,109,Center Hill,J,33.77952,-84.46747
127,LARCENY-NON VEHICLE,103031773,10/30/2010,1117 LEE,402,Oakland City,S,33.72459,-84.42107
128,ROBBERY-PEDESTRIAN,103031790,10/30/2010,532 CLEVELAND AVE SW,311,Hammond Park,X,33.68011,-84.40674
129,LARCENY-FROM VEHICLE,103031804,10/30/2010,36 HARRIS ST,509,Downtown,M,33.76097,-84.38604
130,AUTO THEFT,103031808,10/30/2010,1306 EASTRIDGE RD SW,408,Venetian Hills,S,33.71946,-84.44495
131,LARCENY-NON VEHICLE,103031871,10/30/2010,3393 PEACHTREE RD NE @LENOX MALL,210,Lenox,B,33.84676,-84.36212
132,LARCENY-NON VEHICLE,103031922,10/30/2010,3616 BOLFAIR DR NW,114,Carroll Heights,H,33.77721,-84.50587
133,LARCENY-FROM VEHICLE,103031962,10/30/2010,1919 METROPOLITAN PKY,306,Sylvan Hills,X,33.70339,-84.40806
134,LARCENY-FROM VEHICLE,103032002,10/30/2010,2525 PIEDMONT RD,211,Lindbergh/Morosgo,B,33.824,-84.36521
135,ROBBERY-PEDESTRIAN,103032013,10/30/2010,864 HALL ST NW,109,Center Hill,J,33.77859,-84.46616
136,LARCENY-NON VEHICLE,103032044,10/30/2010,199 11TH ST NE,503,Midtown,E,33.78291,-84.3807
137,BURGLARY-RESIDENCE,103032084,10/30/2010,3481 MEADOWRIDGE DR SW,414,Brentwood,P,33.67361,-84.50241
138,LARCENY-NON VEHICLE,103032085,10/30/2010,610 SPRING ST NW,509,Downtown,M,33.77101,-84.38895
139,BURGLARY-RESIDENCE,103032196,10/30/2010,2327 LEILA LN SE,308,Leila Valley,Z,33.69054,-84.35532
140,LARCENY-FROM VEHICLE,103032227,10/30/2010,3833 PRINCETON LAKES PKWY,414,Princeton Lakes,P,33.65488,-84.51022
141,AUTO THEFT,103032241,10/30/2010,232 FORSYTH ST SW,512,Downtown,M,33.74852,-84.39636
142,LARCENY-NON VEHICLE,103032293,10/30/2010,231 18TH ST NW,501,Atlantic Station,E,33.79249,-84.3954
143,LARCENY-FROM VEHICLE,103032340,10/30/2010,BROAD ST NW / MARIETTA ST NW,508,Downtown,M,33.75492,-84.39054
144,LARCENY-FROM VEHICLE,103030033,10/30/2010,840 MARIETTA ST NW,504,Marietta Street Artery,E,33.77522,-84.40691
145,LARCENY-FROM VEHICLE,103030182,10/30/2010,MARIETTA ST NW / BANKHEAD AVE NW,504,Marietta Street Artery,E,33.77363,-84.40468
146,BURGLARY-RESIDENCE,103030223,10/30/2010,356 PINE TREE DR NE,206,Garden Hills,B,33.83028,-84.37595
147,AUTO THEFT,103030293,10/30/2010,247 TAFT ST SW,307,Joyland,Y,33.71062,-84.39709
148,AGG ASSAULT,103030304,10/30/2010,1086 PIEDMONT,503,Midtown,E,33.78451,-84.37889
149,LARCENY-FROM VEHICLE,103030336,10/30/2010,1870 CAMPBELLTON RD SW,408,,R,33.70661,-84.44808
150,AGG ASSAULT,103030360,10/30/2010,UNIVERSITY AVE SW / I-75-85 SB EXPY SW,302,Pittsburgh,V,33.72201,-84.39509
151,ROBBERY-RESIDENCE,103030387,10/30/2010,1829 CAMPBELLTON RD SW,408,Venetian Hills,S,33.71,-84.44863
152,BURGLARY-RESIDENCE,103030473,10/30/2010,978 PARSONS ST SW,104,Ashview Heights,T,33.75092,-84.4196
153,BURGLARY-RESIDENCE,103030486,10/30/2010,3540 N CAMP CREEK PKWY SW,414,,P,33.67051,-84.50299
154,BURGLARY-RESIDENCE,103030490,10/30/2010,1040 HUFF RD,203,Blandtown,D,33.78949,-84.42125
155,LARCENY-FROM VEHICLE,103030589,10/30/2010,700 MARIETTA ST NW,504,Marietta Street Artery,E,33.77197,-84.40168
156,LARCENY-FROM VEHICLE,103030594,10/30/2010,1660 PEACHTREE ST NW,502,Midtown,E,33.79874,-84.39164
157,AUTO THEFT,103030616,10/30/2010,3815 MARTIN L KING JR DR NW,114,Old Gordon,H,33.76918,-84.51471
158,LARCENY-FROM VEHICLE,103030631,10/30/2010,829 HOLLYWOOD RD NW,110,Grove Park,J,33.77772,-84.45133
159,AUTO THEFT,103030698,10/30/2010,429 CALHOUN ST NW,501,Home Park,E,33.78295,-84.401
160,LARCENY-NON VEHICLE,103030700,10/30/2010,105 COLLIER RD NW,207,,E,33.80821,-84.39686
161,BURGLARY-RESIDENCE,103030733,10/30/2010,373 ADELLE ST SE,307,Lakewood Heights,Y,33.70043,-84.37645
162,BURGLARY-RESIDENCE,103030737,10/30/2010,2426 WOODWARD WAY,205,Peachtree Battle Alliance,C,33.82048,-84.39664
163,AGG ASSAULT,103030772,10/30/2010,1220 GUN CLUB RD NW,110,Almond Park,G,33.78752,-84.45789
164,LARCENY-FROM VEHICLE,103030778,10/30/2010,1217 GRACEWOOD AVE SE,612,East Atlanta,W,33.73272,-84.34776
165,AUTO THEFT,103030783,10/30/2010,3334 PEACHTREE RD NE,208,North Buckhead,B,33.84624,-84.36844
166,LARCENY-NON VEHICLE,103030821,10/30/2010,1621 CAMPBELLTON RD SW,408,Venetian Hills,S,33.71233,-84.44122
167,ROBBERY-PEDESTRIAN,103030842,10/30/2010,605 BOULEVARD NE,603,Old Fourth Ward,M,33.77097,-84.3714
168,AUTO THEFT,103030847,10/30/2010,1591 JONESBORO RD SE,305,South Atlanta,Y,33.70911,-84.38139
169,AUTO THEFT,103030855,10/30/2010,1150 ASTOR AVE SW,306,Sylvan Hills,X,33.70137,-84.42678
170,LARCENY-FROM VEHICLE,103030860,10/30/2010,180 JACKSON ST NE,604,Sweet Auburn,M,33.75905,-84.37546
171,LARCENY-FROM VEHICLE,103030916,10/30/2010,HARRIS ST NE / COURTLAND ST NE,509,Downtown,M,33.76094,-84.38418
172,AUTO THEFT,103030917,10/30/2010,41 25TH ST NW,207,Brookwood,E,33.80108,-84.39488
173,BURGLARY-RESIDENCE,103030920,10/30/2010,1155 JOSEPH E BOONE BLVD NW,106,Bankhead,K,33.7636,-84.42558
174,LARCENY-FROM VEHICLE,103030941,10/30/2010,370 NORTHSIDE DR NW,103,English Avenue,L,33.76507,-84.4042
175,LARCENY-FROM VEHICLE,103030943,10/30/2010,901 BOLTON RD NW,114,Bankhead/Bolton,H,33.77948,-84.49901
176,LARCENY-NON VEHICLE,103031037,10/30/2010,4302 CREEK VALLEY CT SW,413,Elmco Estates,P,33.69197,-84.53091
177,LARCENY-FROM VEHICLE,103031052,10/30/2010,376 ROY ST SW,302,Pittsburgh,V,33.72404,-84.40041
178,LARCENY-FROM VEHICLE,103031064,10/30/2010,100 LUCKIE ST NW,508,Downtown,M,33.7573,-84.38992
179,LARCENY-NON VEHICLE,103031082,10/30/2010,264 19TH ST NW,501,Atlantic Station,E,33.79321,-84.39692
180,LARCENY-FROM VEHICLE,103022782,10/30/2010,1338  PEACHTREE  ST,502,Midtown,E,33.79112,-84.38534
181,LARCENY-FROM VEHICLE,103022797,10/30/2010,107 E WESLEY RD NE,206,Peachtree Heights East,B,33.82832,-84.38396
182,ROBBERY-PEDESTRIAN,103022830,10/29/2010,PERRY BLVD NW / MCCALLIE BLVD NW,110,West Highlands,G,33.79949,-84.45474
183,LARCENY-NON VEHICLE,103028019,10/29/2010,5952 SPINE ROAD,50,,,33.64068,-84.44204
184,LARCENY-FROM VEHICLE,103028025,10/29/2010,N DECK @6023 N TERMINAL BYWY ; DAILY/LEVEL1/ROW 21C,50,,,33.64217,-84.447
185,LARCENY-NON VEHICLE,103028048,10/29/2010,7700 SPINE ROAD,50,,,33.64068,-84.44204
186,AUTO THEFT,103028075,10/29/2010,2200 RENTAL CAR CENTER PKWY,707,,,33.63977,-84.46358
187,BURGLARY-RESIDENCE,103012699,10/29/2010,711 WILSON RD NW,205,Springlake,C,33.81553,-84.41234
188,LARCENY-NON VEHICLE,103010888,10/29/2010,3099 PANTER TRL,409,Southwest,R,33.69931,-84.48914
189,LARCENY-NON VEHICLE,103020030,10/29/2010,1616 PIEDMONT AVE NE,213,Piedmont Heights,F,33.79884,-84.36815
190,AGG ASSAULT,103020069,10/29/2010,JOSEPH E LOWERY BLVD NW / DONALD LEE HOLLOWELL PKWY NW,103,Bankhead,K,33.77303,-84.41737
191,LARCENY-FROM VEHICLE,103020131,10/29/2010,3599 MARTIN L KING JR DR NW,111,Adamsville,H,33.75933,-84.50433
192,ROBBERY-PEDESTRIAN,103020311,10/29/2010,1990 ALISON CT SW,410,Campbellton Road,R,33.70066,-84.45363
193,AUTO THEFT,103020373,10/29/2010,972 FERN AVE SE,304,Peoplestown,V,33.72798,-84.38493
194,AUTO THEFT,103020506,10/29/2010,183 MOUNT ZION RD SE,312,Glenrose Heights,Z,33.67268,-84.38507
195,BURGLARY-NONRES,103020517,10/29/2010,2257 BOLLINGBROOK DR SW @BEECHER HILLS ELEM,406,Beecher Hills,I,33.73569,-84.4633
196,AUTO THEFT,103020531,10/29/2010,2637 OLD HAPEVILLE RD SW,310,Browns Mill Park,Z,33.68294,-84.39417
197,AUTO THEFT,103020551,10/29/2010,1720 MARTIN L KING JR DR SW,104,Mozley Park,K,33.75083,-84.44341
198,ROBBERY-PEDESTRIAN,103020568,10/29/2010,1865 CHESHIRE BRIDGE RD,213,Morningside/Lenox Park,F,33.80864,-84.36137
199,LARCENY-FROM VEHICLE,103020638,10/29/2010,370 NORTHSIDE DR NW,103,English Avenue,L,33.76507,-84.4042
200,LARCENY-FROM VEHICLE,103020723,10/29/2010,222 14TH ST NE,502,Midtown,E,33.78657,-84.38041
201,LARCENY-FROM VEHICLE,103020724,10/29/2010,875 COURTENAY DR NE,213,Morningside/Lenox Park,F,33.78972,-84.35843
202,LARCENY-FROM VEHICLE,103020741,10/29/2010,817 W PEACHTREE ST NE,505,Midtown,E,33.77696,-84.38697
203,BURGLARY-RESIDENCE,103020746,10/29/2010,351 FAIRBURN RD NW,111,Adamsville,H,33.76479,-84.50023
204,BURGLARY-RESIDENCE,103020801,10/29/2010,1871 PLAZA LN SW,410,Campbellton Road,R,33.70518,-84.45336
205,LARCENY-FROM VEHICLE,103020832,10/29/2010,705 BROOKLINE ST SW,301,Adair Park,V,33.72736,-84.41074
206,LARCENY-FROM VEHICLE,103020843,10/29/2010,1376 HEIGHTS PARK DR SE,607,Custer/McDonough/Guice,W,33.7161,-84.35086
207,AUTO THEFT,103020845,10/29/2010,483 MONUMENT AVE SE,612,East Atlanta,W,33.74103,-84.34159
208,AUTO THEFT,103020846,10/29/2010,1092 SHELBY PL SE,607,Woodland Hills,W,33.72371,-84.35181
209,LARCENY-NON VEHICLE,103020888,10/29/2010,590 CASCADE AVE SW,402,West End,T,33.73812,-84.43276
210,ROBBERY-PEDESTRIAN,103020913,10/29/2010,2148 PALIFOX DR NE,608,Lake Claire,N,33.76427,-84.31805
211,AUTO THEFT,103020926,10/29/2010,2423 MARTIN L KING JR DR NW ; PEEKS @ MLK,108,Florida Heights,I,33.75183,-84.46623
212,LARCENY-NON VEHICLE,103020941,10/29/2010,1990 PERKERSON RD SW,306,Sylvan Hills,X,33.70047,-84.4169
213,BURGLARY-RESIDENCE,103020945,10/29/2010,1677 CARROLL DR NW,203,Hills Park,D,33.80266,-84.44275
214,BURGLARY-RESIDENCE,103020985,10/29/2010,2007 MOREHOUSE DR NW,108,Dixie Hills,J,33.7613,-84.45299
215,LARCENY-FROM VEHICLE,103021017,10/29/2010,1700 NORTHSIDE DR NW,207,Berkeley Park,D,33.80121,-84.40791
216,LARCENY-FROM VEHICLE,103021027,10/29/2010,727 WYLIE ST SE,606,Cabbagetown,N,33.75204,-84.36355
217,AGG ASSAULT,103021033,10/29/2010,1925 NISKEY LAKE RD SW @BUNCHE MIDDLE,412,,P,33.70106,-84.53062
218,LARCENY-FROM VEHICLE,103021037,10/29/2010,13TH / CRESENT AVE,503,Midtown,E,33.78562,-84.38422
219,LARCENY-NON VEHICLE,103021066,10/29/2010,1306 PARK,305,Chosewood Park,Y,33.71902,-84.37026
220,LARCENY-FROM VEHICLE,103021067,10/29/2010,831 MARTIN ST SE,304,Summerhill,V,33.73196,-84.38458
221,LARCENY-FROM VEHICLE,103021142,10/29/2010,265 PONCE DE LEON AVE NE ;CAMDEN MIDTOWN,505,Midtown,E,33.77248,-84.37879
222,BURGLARY-RESIDENCE,103021157,10/29/2010,3443 VILLAGE PARK LN SW,414,Ben Hill,P,33.66161,-84.52564
223,LARCENY-FROM VEHICLE,103021190,10/29/2010,2037 LENOX RD NE,213,Lindridge/Martin Manor,F,33.81036,-84.35113
224,AUTO THEFT,103021204,10/29/2010,364 NORTHSIDE DR NW,103,English Avenue,L,33.7647,-84.40392
225,LARCENY-NON VEHICLE,103021229,10/29/2010,3129 PIEDMONT RD NE,211,Peachtree Park,B,33.84234,-84.37014
226,AUTO THEFT,103021256,10/29/2010,I-75-85 NB EXPY SW / UNIVERSITY AVE SW,302,Pittsburgh,V,33.72212,-84.3946
227,AUTO THEFT,103021257,10/29/2010,4496 CAMPBELLTON RD,413,,P,33.69597,-84.53536
228,LARCENY-NON VEHICLE,103021265,10/29/2010,99 ORMOND ST SE,304,Peoplestown,V,33.73146,-84.38474
229,LARCENY-NON VEHICLE,103021272,10/29/2010,1717 CENTRA VILLA DR SW,409,Adams Park,R,33.70854,-84.45679
230,LARCENY-NON VEHICLE,103021275,10/29/2010,3200 LENOX RD NE,210,Pine Hills,B,33.84221,-84.35822
231,BURGLARY-RESIDENCE,103021281,10/29/2010,503 COLLIER RIDGE DR ,112,Collier Heights,I,33.76887,-84.4763
232,LARCENY-FROM VEHICLE,103021289,10/29/2010,MARTIN L KING JR DR SW / CENTRAL AVE SW,511,Downtown,M,33.75079,-84.38987
233,BURGLARY-RESIDENCE,103021299,10/29/2010,3041 LANDRUM ,409,Southwest,R,33.70649,-84.48782
234,BURGLARY-RESIDENCE,103021307,10/29/2010,443 OAK DR SE,312,Orchard Knob,Z,33.66712,-84.37905
235,LARCENY-FROM VEHICLE,103021335,10/29/2010,DONALD LEE HOLLOWELL PKWY NW / JAMES JACKSON PKWY NW,113,Center Hill,J,33.77632,-84.47375
236,BURGLARY-RESIDENCE,103021341,10/29/2010,2233 MACON DR SW,310,Browns Mill Park,Z,33.69367,-84.39132
237,BURGLARY-RESIDENCE,103021347,10/29/2010,340 BROMACK DR SE,310,Lakewood,Z,33.68812,-84.37775
238,RAPE,103021371,10/29/2010,929 CHARLES ALLEN DR NE @GRADY HIGH,506,Midtown,E,33.78119,-84.37151
239,BURGLARY-RESIDENCE,103021375,10/29/2010,1926 HARBIN RD SW,409,Southwest,R,33.70327,-84.47989
240,LARCENY-FROM VEHICLE,103021376,10/29/2010,1530 ELLSWORTH INDUSTRIAL BLVD NW,203,Blandtown,D,33.79686,-84.42789
241,BURGLARY-RESIDENCE,103021411,10/29/2010,20 WALTHALL ST NE,606,Reynoldstown,N,33.75427,-84.35196
242,LARCENY-NON VEHICLE,103021419,10/29/2010,2841 GREENBRIAR PKWY SW,411,Greenbriar,R,33.68845,-84.49328
243,LARCENY-FROM VEHICLE,103021445,10/29/2010,1333 WHITE STREET,402,West End,T,33.73805,-84.43028
244,LARCENY-NON VEHICLE,103021455,10/29/2010,2415 CAMELLIA LN NE,211,Lindbergh/Morosgo,B,33.82171,-84.37117
245,LARCENY-NON VEHICLE,103021457,10/29/2010,1801 HOWELL MILL RD NW,204,Berkeley Park,D,33.80388,-84.41278
246,LARCENY-FROM VEHICLE,103021478,10/29/2010,973 DELAWARE AVE SE,607,Ormewood Park,W,33.73094,-84.35572
247,BURGLARY-RESIDENCE,103021503,10/29/2010,27 KIRKWOOD RD NE,610,Kirkwood,O,33.75218,-84.32144
248,LARCENY-NON VEHICLE,103021526,10/29/2010,2155 MEADOR AVE SE,310,Swallow Circle/Baywood,Z,33.69536,-84.38075
249,BURGLARY-RESIDENCE,103021527,10/29/2010,425 CHAPPELL RD NW,106,Bankhead,K,33.76722,-84.43255
250,LARCENY-FROM VEHICLE,103021542,10/29/2010,381 VENABLE ST NW,504,Downtown,M,33.76519,-84.39502
251,LARCENY-NON VEHICLE,103021545,10/29/2010,55 MCDONOUGH BLVD SE,305,South Atlanta,Y,33.72024,-84.38654
252,LARCENY-FROM VEHICLE,103021556,10/29/2010,214 JOHN WESLEY DOBBS AVE NE,510,Downtown,M,33.75741,-84.38075
253,LARCENY-FROM VEHICLE,103021573,10/29/2010,MARTIN L KING JR DR SW / FORSYTH ST SW,511,Downtown,M,33.75286,-84.3935
254,LARCENY-FROM VEHICLE,103021591,10/29/2010,440 ARGONNE DR NW,205,Wyngate,C,33.83519,-84.40173
255,LARCENY-NON VEHICLE,103021612,10/29/2010,141 PRYOR ST SW,512,Downtown,M,33.75093,-84.39146
256,BURGLARY-RESIDENCE,103021623,10/29/2010,2617 IVYDALE DR SW,410,Campbellton Road,R,33.69987,-84.47412
257,LARCENY-FROM VEHICLE,103021651,10/29/2010,1910 VENETIAN DR SW,408,Venetian Hills,S,33.71439,-84.45057
258,LARCENY-FROM VEHICLE,103021677,10/29/2010,497 LYNN VALLEY RD SW,406,,I,33.73719,-84.48202
259,BURGLARY-RESIDENCE,103021741,10/29/2010,917 OAKHILL AVE SW,301,Adair Park,V,33.72988,-84.40947
260,LARCENY-FROM VEHICLE,103021756,10/29/2010,2975 HEADLAND DR SW,411,Greenbriar,R,33.69168,-84.4872
261,LARCENY-NON VEHICLE,103021774,10/29/2010,PEYTON WOODS TRL SW / PEYTON RD SW,406,Peyton Forest,I,33.74291,-84.47917
262,BURGLARY-RESIDENCE,103021794,10/29/2010,1643 WESTHAVEN DR SW,404,Cascade Avenue/Road,S,33.73281,-84.44158
263,LARCENY-FROM VEHICLE,103021812,10/29/2010,2325 MELANTE DR NE,212,Lindridge/Martin Manor,F,33.81852,-84.35313
264,LARCENY-NON VEHICLE,103021832,10/29/2010,12 BROAD ST SW ;CVS,511,Downtown,M,33.7532,-84.39201
265,ROBBERY-PEDESTRIAN,103021861,10/29/2010,BROAD ST SW / MARTIN L KING JR DR SW,512,Downtown,M,33.75243,-84.3928
266,LARCENY-FROM VEHICLE,103021870,10/29/2010,1447 PIEDMONT AVE NE,502,Midtown,E,33.79396,-84.37186
267,ROBBERY-PEDESTRIAN,103021886,10/29/2010,391 17TH ST NW,501,Atlantic Station,E,33.79109,-84.40088
268,ROBBERY-COMMERCIAL,103021891,10/29/2010,464 MORELAND AVE NE,602,Inman Park,N,33.76686,-84.34915
269,AUTO THEFT,103021918,10/29/2010,JONESBORO RD SE / I-285 EB EXPY SE,313,South River Gardens,Z,33.65199,-84.36701
270,LARCENY-FROM VEHICLE,103021969,10/29/2010,1660 PEACHTREE ST NW,502,Midtown,E,33.79874,-84.39164
271,LARCENY-NON VEHICLE,103021988,10/29/2010,1991 DELOWE DR SW,410,Campbellton Road,R,33.70002,-84.45895
272,LARCENY-NON VEHICLE,103022029,10/29/2010,1097 HOLLYWOOD RD,110,Almond Park,G,33.78526,-84.46082
273,LARCENY-NON VEHICLE,103022058,10/29/2010,2859 PIEDMONT,211,Peachtree Park,B,33.83294,-84.3677
274,BURGLARY-RESIDENCE,103022071,10/29/2010,225 WOODWARD AVE SE,605,Grant Park,W,33.74542,-84.38026
275,LARCENY-NON VEHICLE,103022075,10/29/2010,850 OAK ST,401,West End,T,33.74057,-84.4168
276,AUTO THEFT,103022078,10/29/2010,101 HAMILTON E HOLMES DR NW,108,Westhaven,I,33.75558,-84.46807
277,LARCENY-NON VEHICLE,103022127,10/29/2010,737 PONCE DE LEON AVE NE,602,Poncey-Highland,N,33.77348,-84.36289
278,LARCENY-FROM VEHICLE,103022137,10/29/2010,2222 DORAL CT SW,413,Fairway Acres,P,33.68764,-84.53745
279,LARCENY-NON VEHICLE,103022176,10/29/2010,149 26TH ST NW,207,Brookwood,E,33.80253,-84.39776
280,LARCENY-FROM VEHICLE,103022194,10/29/2010,650 HILLPINE DR NE,213,Morningside/Lenox Park,F,33.793,-84.36558
281,LARCENY-NON VEHICLE,103022218,10/29/2010,1225 CAROLINE ST NE,609,Edgewood,O,33.75605,-84.34813
282,AUTO THEFT,103022249,10/29/2010,2931 MIDDLETON RD NW,111,,I,33.75294,-84.48775
283,AUTO THEFT,103022264,10/29/2010,2685 METROPOLITAN PKWY SW,309,Perkerson,X,33.68274,-84.40902
284,AUTO THEFT,103022318,10/29/2010,TIGER FLOWERS DR NW / WHITAKER CIR NW,108,West Lake,J,33.75977,-84.44524
285,LARCENY-FROM VEHICLE,103022343,10/29/2010,3021 HOGAN RD SW,411,Greenbriar,R,33.67815,-84.48703
286,ROBBERY-PEDESTRIAN,103022389,10/29/2010,50 UPPER ALABAMA,511,Downtown,M,33.75194,-84.38964
287,LARCENY-NON VEHICLE,103022422,10/29/2010,3393 PEACHTREE RD NE,210,Lenox,B,33.84676,-84.36212
288,LARCENY-FROM VEHICLE,103022426,10/29/2010,102 BROAD ST SW,512,Downtown,M,33.75178,-84.39318
289,AGG ASSAULT,103022445,10/29/2010,1009 WASHINGTON ST SW,304,Peoplestown,V,33.72723,-84.39109
290,AGG ASSAULT,103022457,10/29/2010,585 MCWILLIAMS RD SE,310,Browns Mill Park,Z,33.68869,-84.36881
291,ROBBERY-PEDESTRIAN,103022498,10/29/2010,2132 CAMPBELLTON RD SW,410,Campbellton Road,R,33.70659,-84.45411
292,ROBBERY-PEDESTRIAN,103022521,10/29/2010,1941 MYRTLE DR,410,Campbellton Road,R,33.70101,-84.45527
293,LARCENY-NON VEHICLE,103022614,10/29/2010,2020 BOLTON RD NW,203,Riverside,D,33.81125,-84.47594
294,LARCENY-FROM VEHICLE,103022665,10/29/2010,1000 MARIETTA ST NW,504,Marietta Street Artery,E,33.77907,-84.4105
295,LARCENY-FROM VEHICLE,103022702,10/29/2010,45 WHITEHOUSE DR SW,104,Ashview Heights,T,33.75382,-84.42109
296,LARCENY-NON VEHICLE,103022740,10/29/2010,2176 COUNTY LINE RD SW,413,Elmco Estates,P,33.69526,-84.53435
297,LARCENY-FROM VEHICLE,103022743,10/29/2010,BISHOP ST NW / 17TH ST NW,207,Loring Heights,E,33.79177,-84.40609
298,AGG ASSAULT,102970294,10/29/2010,255 TRINITY AVE,512,Downtown,M,33.75082,-84.39623
299,BURGLARY-RESIDENCE,103010902,10/28/2010,432 IRA ST SW,303,Mechanicsville,V,33.74277,-84.39973
300,BURGLARY-RESIDENCE,103010907,10/28/2010,1355 CAMPBELLTON RD SW,403,Venetian Hills,S,33.71551,-84.43244
301,BURGLARY-RESIDENCE,103010920,10/28/2010,2798 PEEK RD NW,112,Collier Heights,I,33.77743,-84.47815
302,LARCENY-FROM VEHICLE,103010943,10/28/2010,2450 CAMELLIA LN NE,211,Lindbergh/Morosgo,B,33.82269,-84.37114
303,LARCENY-FROM VEHICLE,103010944,10/28/2010,240 N HIGHLAND AVE NE,602,Inman Park,N,33.76234,-84.35933
304,BURGLARY-RESIDENCE,103010953,10/28/2010,166 SUWANEE AVENUE NW ,108,Dixie Hills,J,33.75884,-84.46533
305,LARCENY-NON VEHICLE,103010964,10/28/2010,824 DONALD LEE HOLLOWELL PKWY NW,103,English Avenue,L,33.77282,-84.41423
306,BURGLARY-RESIDENCE,103010984,10/28/2010,310 6TH ST NE,506,Midtown,E,33.77628,-84.37717
307,LARCENY-NON VEHICLE,103010985,10/28/2010,3000 CONTINENTAL COLONY PKWY SW,411,Greenbriar,R,33.68077,-84.4937
308,BURGLARY-NONRES,103011004,10/28/2010,1919 METROPOLITAN PKWY SW,306,Sylvan Hills,X,33.70278,-84.41017
309,AGG ASSAULT,103011049,10/28/2010,2084 BROWNS MILL RD SE,310,Lakewood,Z,33.69762,-84.37384
310,LARCENY-NON VEHICLE,103011051,10/28/2010,445 CLEVELAND AVE SE,312,Rosedale Heights,Z,33.68013,-84.37757
311,AUTO THEFT,103011054,10/28/2010,3200 LENOX RD NE,210,Pine Hills,B,33.84221,-84.35822
312,BURGLARY-RESIDENCE,103011066,10/28/2010,1585 LINDA WAY SW,404,Westview,T,33.73464,-84.43927
313,LARCENY-NON VEHICLE,103011084,10/28/2010,190 MARIETTA ST NW,507,Downtown,M,33.75757,-84.39487
314,ROBBERY-PEDESTRIAN,103011134,10/28/2010,JOHNSON ROAD NW/ SIMS AVE NW ,110,Grove Park,J,33.78133,-84.45477
315,LARCENY-FROM VEHICLE,103011162,10/28/2010,794 DIXIE AVE NE,602,Inman Park,N,33.75677,-84.3617
316,LARCENY-FROM VEHICLE,103011169,10/28/2010,15 PEACHTREE ST SW,511,Downtown,M,33.75369,-84.39043
317,AUTO THEFT,103011170,10/28/2010,3724 MARTIN L KING JR DR SW,407,Adamsville,H,33.76464,-84.5103
318,BURGLARY-RESIDENCE,103011191,10/28/2010,1733 MELROSE DR. SW,306,Sylvan Hills,X,33.70747,-84.42086
319,ROBBERY-PEDESTRIAN,103011225,10/28/2010,942 HANK AARON DR,304,Peoplestown,V,33.72843,-84.38748
320,LARCENY-FROM VEHICLE,103011256,10/28/2010,739 WYLIE ST SE,606,Cabbagetown,N,33.75205,-84.36309
321,ROBBERY-PEDESTRIAN,103011302,10/28/2010,LATTA ST NE / PINE ST NE,603,Old Fourth Ward,M,33.76791,-84.37258
322,LARCENY-FROM VEHICLE,103011313,10/28/2010,600 PONCE DE LEON AVE NE,506,Midtown,E,33.77376,-84.36722
323,AUTO THEFT,103011321,10/28/2010,106 VANNOY ST SE,609,Edgewood,O,33.75073,-84.34623
324,LARCENY-FROM VEHICLE,103011333,10/28/2010,2540 FORREST HILL DR,311,Hammond Park,X,33.681,-84.40011
325,BURGLARY-RESIDENCE,103011362,10/28/2010,1183 MOTON AVE SW,302,Pittsburgh,V,33.72261,-84.397
326,LARCENY-FROM VEHICLE,103011380,10/28/2010,OLD WESLEY PL @ WEST WESLEY ,201,Brandon,C,33.82875,-84.42267
327,LARCENY-NON VEHICLE,103011385,10/28/2010,1787 CAHOON ST SW,306,Sylvan Hills,X,33.70677,-84.41112
328,AGG ASSAULT,103011443,10/28/2010,730 BARNETT ST,601,Virginia Highland,F,33.77443,-84.35902
329,LARCENY-NON VEHICLE,103011509,10/28/2010,464 MORELAND AVE NE,602,Inman Park,N,33.76686,-84.34915
330,LARCENY-FROM VEHICLE,103011526,10/28/2010,1560 METROPOLITAN PKWY SW,306,Sylvan Hills,X,33.71194,-84.40422
331,BURGLARY-RESIDENCE,103011529,10/28/2010,1955 DODSON DR SW,410,Campbellton Road,R,33.70146,-84.47616
332,LARCENY-NON VEHICLE,103011534,10/28/2010,600 GREENSFERRY ,101,The Villages at Castleberry H,T,33.74662,-84.40755
333,LARCENY-NON VEHICLE,103011564,10/28/2010,285 POLAR ROCK RD SW,310,Polar Rock,Z,33.6968,-84.39851
334,BURGLARY-RESIDENCE,103011589,10/28/2010,186 HOWELL DR SW,407,Adamsville,H,33.75304,-84.50328
335,LARCENY-FROM VEHICLE,103011605,10/28/2010,3232 PEACHTREE RD NE,208,Buckhead Forest,B,33.84413,-84.37409
336,LARCENY-NON VEHICLE,103011608,10/28/2010,1225 CAROLINE ST NE,609,Edgewood,O,33.75605,-84.34813
337,LARCENY-NON VEHICLE,103011626,10/28/2010,2001 MARTIN L KING JR DR NW,108,,I,33.75011,-84.45285
338,LARCENY-NON VEHICLE,103011682,10/28/2010,730 PONCE DE LEON PL NE,601,Virginia Highland,F,33.77446,-84.36424
339,LARCENY-FROM VEHICLE,103011711,10/28/2010,JOHN WESLEY DOBBS AVE NE / COURTLAND ST NE,510,Downtown,M,33.75712,-84.38424
340,LARCENY-NON VEHICLE,103011739,10/28/2010,40 HARLAN RD SW,405,Harland Terrace,I,33.75338,-84.48085
341,BURGLARY-RESIDENCE,103011742,10/28/2010,73 JOSEPH E LOWERY BLVD,104,Ashview Heights,T,33.75271,-84.41779
342,LARCENY-FROM VEHICLE,103011775,10/28/2010,COCA COLA PL SE / BELL ST SE,510,Downtown,M,33.75279,-84.37984
343,LARCENY-FROM VEHICLE,103011801,10/28/2010,1944 PIEDMONT CIR NE,212,Piedmont Heights,F,33.81165,-84.36787
344,LARCENY-FROM VEHICLE,103011819,10/28/2010,950 MARIETTA ST NW,504,Marietta Street Artery,E,33.77682,-84.40822
345,LARCENY-NON VEHICLE,103011841,10/28/2010,3393 PEACHTREE RD NE,210,Lenox,B,33.84676,-84.36212
346,BURGLARY-RESIDENCE,103011892,10/28/2010,1689 ABNER CT NW,110,Carver Hills,G,33.80205,-84.4665
347,LARCENY-FROM VEHICLE,103011904,10/28/2010,1380 ATLANTIC DR NW,501,Atlantic Station,E,33.79282,-84.39779
348,LARCENY-FROM VEHICLE,103011922,10/28/2010,15 WALL ST SE,511,Downtown,M,33.75359,-84.38986
349,LARCENY-NON VEHICLE,103011953,10/28/2010,70 W PACES FERRY RD NW,206,Peachtree Heights West,B,33.84047,-84.38267
350,LARCENY-FROM VEHICLE,103012061,10/28/2010,935 MARIETTA ST NW,504,Marietta Street Artery,E,33.7778,-84.40865
351,AGG ASSAULT,103012067,10/28/2010,808 MCDANIEL ST SW,302,Pittsburgh,V,33.73295,-84.40148
352,BURGLARY-RESIDENCE,103012074,10/28/2010,765 MCDANIEL ST SW,302,Pittsburgh,V,33.73365,-84.40221
353,LARCENY-FROM VEHICLE,103012084,10/28/2010,3550 CAMPBELLTON RD SW,413,,P,33.68984,-84.50491
354,LARCENY-NON VEHICLE,103012098,10/28/2010,590 CASCADE AVE SW,402,West End,T,33.73812,-84.43276
355,LARCENY-FROM VEHICLE,103012132,10/28/2010,625 PIEDMONT AVE NE,505,Midtown,E,33.77178,-84.38174
356,LARCENY-NON VEHICLE,103012137,10/28/2010,1225 CAROLINE ST NE,609,Edgewood,O,33.75605,-84.34813
357,BURGLARY-RESIDENCE,103012146,10/28/2010,903 NOBLE CREEK DR NW,204,Cross Creek,C,33.81437,-84.42392
358,BURGLARY-RESIDENCE,103012162,10/28/2010,1380 SHARON ST NW,105,Hunter Hills,K,33.75448,-84.43255
359,BURGLARY-RESIDENCE,103012164,10/28/2010,4326 GREENLEAF CIR SW,413,Wildwood Forest,P,33.68427,-84.54044
360,ROBBERY-PEDESTRIAN,103012199,10/28/2010,1185 COLLIER RD NW,204,,C,33.81136,-84.42537
361,LARCENY-FROM VEHICLE,103012217,10/28/2010,W PEACHTREE ST NE / 14TH ST NE,502,Midtown,E,33.78667,-84.38781
362,BURGLARY-RESIDENCE,103012236,10/28/2010,1595 KENMORE ST SW,403,Cascade Avenue/Road,S,33.72374,-84.43996
363,BURGLARY-RESIDENCE,103012248,10/28/2010,2894 BROWNS MILL RD SE,312,Orchard Knob,Z,33.6756,-84.38385
364,BURGLARY-RESIDENCE,103012255,10/28/2010,2383 CHERRY BLOSSOM DR SW,412,Meadowbrook Forest,P,33.6908,-84.50343
365,LARCENY-NON VEHICLE,103012308,10/28/2010,1800 MYRTLE DR SW,410,Campbellton Road,R,33.70608,-84.45486
366,ROBBERY-PEDESTRIAN,103012323,10/28/2010,580 FAIR ST.,101,Atlanta University Center,T,33.74887,-84.40674
367,LARCENY-FROM VEHICLE,103012325,10/28/2010,HOWELL MILL RD NW / 11TH ST NW,501,Home Park,E,33.78287,-84.41164
368,LARCENY-FROM VEHICLE,103012343,10/28/2010,1190 N HIGHLAND AVE NE,601,Virginia Highland,F,33.78709,-84.35544
369,AUTO THEFT,103012371,10/28/2010,2051 DELANO DR NE,610,Kirkwood,O,33.75522,-84.3206
370,LARCENY-NON VEHICLE,103012395,10/28/2010,990 SAINT CHARLES AVE NE,601,Virginia Highland,F,33.77562,-84.35507
371,AUTO THEFT,103012411,10/28/2010,580 CLEVELAND AVE SW AT METROPOLITAN,311,Perkerson,X,33.68128,-84.4077
372,BURGLARY-RESIDENCE,103012468,10/28/2010,3390 FAIRBURN RD SW,414,Ben Hill,P,33.66311,-84.52345
373,AUTO THEFT,103012481,10/28/2010,2328 CAMPBELLTON RD SW,410,Campbellton Road,R,33.70439,-84.4634
374,LARCENY-FROM VEHICLE,103012490,10/28/2010,542 MORELAND AVE SE,612,East Atlanta,W,33.73931,-84.34896
375,LARCENY-FROM VEHICLE,103012493,10/28/2010,86 5TH ST NE,505,Midtown,E,33.77622,-84.38428
376,LARCENY-FROM VEHICLE,103012543,10/28/2010,60 ANDREW YOUNG INTERNA BLVD NE,509,Downtown,M,33.75991,-84.38522
377,AUTO THEFT,103012577,10/28/2010,524 GLEN IRIS DR NE,603,Old Fourth Ward,M,33.76877,-84.36796
378,BURGLARY-RESIDENCE,103012583,10/28/2010,292 THORNTON ST SW,307,Joyland,Y,33.71161,-84.39851
379,LARCENY-FROM VEHICLE,103012587,10/28/2010,875 PARSONS ST SW,101,Atlanta University Center,T,33.75101,-84.41629
380,AUTO THEFT,103012589,10/28/2010,1422 W PEACHTREE ST NW,502,Midtown,E,33.79345,-84.3882
381,LARCENY-FROM VEHICLE,103012647,10/28/2010,W PEACHTREE ST NE / SIMPSON ST NW,508,Downtown,M,33.76331,-84.38754
382,BURGLARY-RESIDENCE,103012660,10/28/2010,2172 CASCADE RD SW,409,Adams Park,R,33.72178,-84.45934
383,LARCENY-NON VEHICLE,103001206,10/28/2010,800 HUTCHENS RD. SE,313,South River Gardens,Z,33.67102,-84.36187
384,ROBBERY-PEDESTRIAN,103012728,10/28/2010,2700 GRAND AVE,311,Hammond Park,X,33.68085,-84.40042
385,LARCENY-FROM VEHICLE,103012757,10/28/2010,1110 IRA ST SW,302,Pittsburgh,V,33.72468,-84.39991
386,LARCENY-FROM VEHICLE,103010017,10/28/2010,931 MONROE DR ,506,Midtown,E,33.77973,-84.3676
387,LARCENY-FROM VEHICLE,103010052,10/28/2010,245 N HIGHLAND AVE NE,602,Inman Park,N,33.76194,-84.35948
388,LARCENY-FROM VEHICLE,103010122,10/28/2010,191 PEACHTREE ST NE,510,Downtown,M,33.75879,-84.3864
389,BURGLARY-NONRES,103010133,10/28/2010,210 FLAT SHOALS AVE SE,606,Reynoldstown,N,33.7482,-84.35118
390,BURGLARY-RESIDENCE,103010222,10/28/2010,1320 ELLSWORTH INDUSTRIAL BLVD NW,203,Blandtown,D,33.7907,-84.42691
391,AGG ASSAULT,103010258,10/28/2010,353 TAZOR ST NW,106,Bankhead,K,33.76431,-84.42075
392,LARCENY-FROM VEHICLE,103010260,10/28/2010,17 GROVE PARK PL NW,110,Grove Park,J,33.77696,-84.43816
393,BURGLARY-RESIDENCE,103010369,10/28/2010,1271 CAHABA DR SW,408,Venetian Hills,S,33.72011,-84.44867
394,BURGLARY-NONRES,103010409,10/28/2010,3670 CAMP CREEK PKWY SW,414,Princeton Lakes,P,33.655,-84.50859
395,BURGLARY-NONRES,103010461,10/28/2010,2650 LOIS LN SE,310,Browns Mill Park,Z,33.68246,-84.38735
396,BURGLARY-NONRES,103010467,10/28/2010,71 FAIRFIELD PLACE NW ,108,Dixie Hills,J,33.75461,-84.46292
397,LARCENY-FROM VEHICLE,103010468,10/28/2010,923 EDWIN ST NW,110,Grove Park,J,33.78026,-84.44582
398,AUTO THEFT,103010475,10/28/2010,187 FAIRBURN RD SW,407,Fairburn Mays,H,33.7506,-84.50773
399,LARCENY-NON VEHICLE,103010486,10/28/2010,895 RALPH D ABERNATHY BLVD SW,401,West End,T,33.7398,-84.41751
400,LARCENY-FROM VEHICLE,103010544,10/28/2010,903 CARDOVA DR NE,212,Lindridge/Martin Manor,F,33.81639,-84.35819
401,AUTO THEFT,103010624,10/28/2010,3850 WIEUCA RD NE,209,North Buckhead,B,33.8599,-84.36365
402,LARCENY-FROM VEHICLE,103010638,10/28/2010,765 MCDANIEL ST SW,302,Pittsburgh,V,33.73365,-84.40221
403,LARCENY-NON VEHICLE,103010656,10/28/2010,1961 MEADOR AVE SE,307,Lakewood Heights,Y,33.70063,-84.38056
404,LARCENY-FROM VEHICLE,103010678,10/28/2010,1614 PONTIAC PL SE,607,Custer/McDonough/Guice,W,33.71055,-84.35677
405,LARCENY-FROM VEHICLE,103010681,10/28/2010,111 CONE ST NW,508,Downtown,M,33.75798,-84.38969
406,AUTO THEFT,103010714,10/28/2010,1079 MARIETTA BLVD NW,106,Knight Park/Howell Station,K,33.7839,-84.4285
407,LARCENY-NON VEHICLE,103010796,10/28/2010,2001 SYLVAN RD,306,Sylvan Hills,X,33.69981,-84.4184
408,BURGLARY-RESIDENCE,103010809,10/28/2010,4407 PEACHTREE PARK DR NE,207,,E,33.81384,-84.38967
409,LARCENY-NON VEHICLE,103010818,10/28/2010,50 MOUNT ZION RD SE,312,Glenrose Heights,Z,33.67286,-84.38706
410,LARCENY-FROM VEHICLE,103010854,10/28/2010,402 TARRAGON WAY SW,407,Wilson Mill Meadows,H,33.75158,-84.51648
411,LARCENY-FROM VEHICLE,103010870,10/28/2010,902 EDWIN ST NW,110,Grove Park,J,33.77963,-84.44675
412,LARCENY-NON VEHICLE,103001207,10/27/2010,2621 DONALD LEE HOLLOWELL PKWY NW ; PIC N PAY,109,Center Hill,J,33.77617,-84.47272
413,AUTO THEFT,103001215,10/27/2010,590 CASCADE AVE SW,402,West End,T,33.73812,-84.43276
414,LARCENY-FROM VEHICLE,103001229,10/27/2010,1040 N HIGHLAND AVE NE,601,Virginia Highland,F,33.78287,-84.35477
415,BURGLARY-NONRES,103001249,10/27/2010,506 MCWILLIAMS RD SE,310,Lakewood,Z,33.6894,-84.3722
416,BURGLARY-RESIDENCE,103001269,10/27/2010,1001 SMITH ST SW,302,Pittsburgh,V,33.72742,-84.401
417,AGG ASSAULT,103001271,10/27/2010,945 HARWELL ST NW,105,Washington Park,K,33.75576,-84.41853
418,BURGLARY-NONRES,103001280,10/27/2010,2866 FORREST HILLS DR SW,311,Hammond Park,X,33.67725,-84.39889
419,AGG ASSAULT,103001321,10/27/2010,3000 CONTINENTAL COLONY PKWY SW,411,Greenbriar,R,33.68077,-84.4937
420,LARCENY-NON VEHICLE,103001370,10/27/2010,3393 PEACHTREE RD NE,210,Lenox,B,33.84676,-84.36212
421,BURGLARY-RESIDENCE,103001378,10/27/2010,532 CLEVELAND AVE SW,311,Hammond Park,X,33.68116,-84.4059
422,LARCENY-FROM VEHICLE,103001385,10/27/2010,105 HOWELL ST NE,604,Old Fourth Ward,M,33.75734,-84.36976
423,BURGLARY-RESIDENCE,103001397,10/27/2010,85 MOUNT ZION RD SW,312,Glenrose Heights,Z,33.67291,-84.39153
424,BURGLARY-RESIDENCE,103001412,10/27/2010,3298 TIARA CIR SW,409,Southwest,R,33.7016,-84.49547
425,AGG ASSAULT,103001413,10/27/2010,1572 HARDEE ST NE,609,Edgewood,O,33.75651,-84.33419
426,BURGLARY-RESIDENCE,103001420,10/27/2010,3099 PANTHER TRL SW,409,Southwest,R,33.69931,-84.48914
427,BURGLARY-RESIDENCE,103001430,10/27/2010,2572 LENOX RD NE,210,Pine Hills,B,33.82467,-84.35248
428,BURGLARY-RESIDENCE,103001469,10/27/2010,1092 OSBORNE ST SW,306,Sylvan Hills,X,33.70415,-84.42436
429,LARCENY-FROM VEHICLE,103001480,10/27/2010,250 ARIZONA AVE NE,609,Edgewood,O,33.76095,-84.33124
430,LARCENY-NON VEHICLE,103001512,10/27/2010,868 OAK ST SW,401,West End,T,33.74057,-84.41702
431,AUTO THEFT,103001522,10/27/2010,2125 JOSEPH E BOONE BLVD NW,108,Center Hill,J,33.76479,-84.4579
432,AGG ASSAULT,103001524,10/27/2010,551 PONCE DE LEON AVE NE,603,Old Fourth Ward,M,33.77326,-84.36889
433,BURGLARY-RESIDENCE,103001532,10/27/2010,1750 COMMERCE DR NW,204,Berkeley Park,D,33.80174,-84.41093
434,LARCENY-NON VEHICLE,103001541,10/27/2010,3393 PEACHTREE RD NE,210,Lenox,B,33.84676,-84.36212
435,BURGLARY-NONRES,103001582,10/27/2010,1435 DONALD LEE HOLLOWELL PKWY NW,110,Grove Park,J,33.77179,-84.43521
436,AUTO THEFT,103001600,10/27/2010,2909 CAMPBELLTON RD SW,409,Southwest,R,33.69869,-84.48265
437,LARCENY-NON VEHICLE,103001666,10/27/2010,3393 PEACHTREE RD,210,Lenox,B,33.84676,-84.36212
438,AUTO THEFT,103001684,10/27/2010,1380 ATLANTIC DR NW,501,Atlantic Station,E,33.79282,-84.39779
439,LARCENY-FROM VEHICLE,103001697,10/27/2010,80 JESSE HILL JR DR SE,510,Downtown,M,33.75168,-84.38198
440,BURGLARY-RESIDENCE,103001710,10/27/2010,528 WINTON TER NE  ,603,Old Fourth Ward,M,33.76861,-84.36994
441,LARCENY-NON VEHICLE,103001740,10/27/2010,80 JESSE HILL JR DR SE ,510,Downtown,M,33.75168,-84.38198
442,LARCENY-FROM VEHICLE,103001812,10/27/2010,825 MARTIN L KING JR DR NW,102,Vine City,L,33.75488,-84.41378
443,BURGLARY-RESIDENCE,103001827,10/27/2010,2110 SOUTHWOOD LN SW;,412,Ben Hill Terrace,P,33.69643,-84.51885
444,LARCENY-NON VEHICLE,103001871,10/27/2010,607 PEACHTREE ST NE,509,Downtown,M,33.77096,-84.3844
445,BURGLARY-RESIDENCE,103001889,10/27/2010,717 LEE ST SW,401,West End,T,33.73516,-84.41421
446,LARCENY-NON VEHICLE,103002046,10/27/2010,116 PONCE DE LEON AVE NE,505,Midtown,E,33.77248,-84.38382
447,LARCENY-FROM VEHICLE,103002053,10/27/2010,MONROE DR NE / KANUGA ST NE,601,Virginia Highland,F,33.78234,-84.36813
448,LARCENY-NON VEHICLE,103002079,10/27/2010,695 NORTH AVE NE,603,Old Fourth Ward,M,33.77073,-84.3645
449,BURGLARY-RESIDENCE,103002087,10/27/2010,979 REDFORD DR SE,308,Rebel Valley Forest,Z,33.68834,-84.35784
450,LARCENY-FROM VEHICLE,103002094,10/27/2010,889 PARSONS ST SW,101,Atlanta University Center,T,33.75099,-84.41669
451,LARCENY-FROM VEHICLE,103002095,10/27/2010,180 JACKSON ST NE ,604,Sweet Auburn,M,33.75929,-84.37628
452,LARCENY-FROM VEHICLE,103002146,10/27/2010,2165 CHESHIRE BRIDGE RD NE,213,Lindridge/Martin Manor,F,33.81341,-84.35347
453,AGG ASSAULT,103002160,10/27/2010,2524 MARTIN L KING JR DR SW,405,Harland Terrace,I,33.75285,-84.47033
454,BURGLARY-RESIDENCE,103002188,10/27/2010,1035 REUNION PL SW,412,Midwest Cascade,Q,33.7254,-84.52882
455,AUTO THEFT,103002227,10/27/2010,3911 CAMPBELLTON RD SW,412,Kings Forest,P,33.69289,-84.51602
456,LARCENY-FROM VEHICLE,103002231,10/27/2010,2909 CAMPBELLTON RD SW,409,Southwest,R,33.69869,-84.48265
457,ROBBERY-PEDESTRIAN,103002266,10/27/2010,101 DOGWOOD DR NW,112,Collier Heights,I,33.78257,-84.49293
458,LARCENY-FROM VEHICLE,103002274,10/27/2010,1132 TECHWOOD DR NW,501,Home Park,E,33.7855,-84.39273
459,AUTO THEFT,103002293,10/27/2010,339 MARIETTA ST NW,508,Downtown,M,33.76464,-84.39614
460,AUTO THEFT,103002301,10/27/2010,192 DEGRESS AVE NE,602,Inman Park,N,33.75939,-84.35245
461,LARCENY-FROM VEHICLE,103002325,10/27/2010,250 PHARR RD NE,206,Buckhead Village,B,33.83732,-84.3786
462,BURGLARY-RESIDENCE,103002334,10/27/2010,2190 JERNIGAN DR SE,310,Lakewood,Z,33.69436,-84.37217
463,LARCENY-FROM VEHICLE,103002337,10/27/2010,855 PEACHTREE ST NE,505,Midtown,E,33.77798,-84.38389
464,AGG ASSAULT,103002352,10/27/2010,3040 GRAND AVE SW,311,Hammond Park,X,33.67413,-84.40636
465,LARCENY-FROM VEHICLE,103002374,10/27/2010,700 CYPRESS ST NE,505,Midtown,E,33.77394,-84.3863
466,LARCENY-FROM VEHICLE,103002380,10/27/2010,1000 MARIETTA ST NW,504,Marietta Street Artery,E,33.77914,-84.41116
467,LARCENY-NON VEHICLE,103002391,10/27/2010,2909 CAMPBELLTON RD SW,409,Southwest,R,33.69869,-84.48265
468,LARCENY-FROM VEHICLE,103002393,10/27/2010,788 MARIETTA ST NW,504,Marietta Street Artery,E,33.77347,-84.40449
469,LARCENY-FROM VEHICLE,103002398,10/27/2010,17 COURTLAND ST NE,510,Downtown,M,33.75495,-84.38417
470,AGG ASSAULT,103002402,10/27/2010,987 ASHBY GRV SW,104,Ashview Heights,T,33.75009,-84.41985
471,LARCENY-NON VEHICLE,103008011,10/27/2010,S TERM @6000 S TERMINAL PKWY,50,,,33.63915,-84.44264
472,AUTO THEFT,103008050,10/27/2010,NATIONAL S DECK @2250 RENTAL CAR CENTER PKWY,707,,,33.63978,-84.46221
473,AGG ASSAULT,103000051,10/27/2010,SAINT JAMES AVE NW / 1ST ST NW,109,Carey Park,G,33.78592,-84.46697
474,AGG ASSAULT,103000078,10/27/2010,1673 MARTIN L KING JR DR NW,104,Mozley Park,K,33.75179,-84.44189
475,BURGLARY-NONRES,103000084,10/27/2010,1575 JOSEPH E BOONE BLVD NW,107,Grove Park,J,33.76391,-84.43929
476,LARCENY-FROM VEHICLE,103000110,10/27/2010,100 LUCKIE ST NW / CONE ST NW,508,Downtown,M,33.75786,-84.39012
477,AGG ASSAULT,103000131,10/27/2010,2315 CAMPBELLTON RD SW,409,Adams Park,R,33.70466,-84.46315
478,ROBBERY-PEDESTRIAN,103000135,10/27/2010,1187 WESTVIEW DR SW,104,Ashview Heights,T,33.7475,-84.42651
479,LARCENY-FROM VEHICLE,103000189,10/27/2010,935 MARIETTA ST NW,504,Marietta Street Artery,E,33.77795,-84.40849
480,AGG ASSAULT,103000272,10/27/2010,1029 MCDANIEL ST SW,302,Pittsburgh,V,33.72678,-84.4018
481,LARCENY-FROM VEHICLE,103000287,10/27/2010,191 PEACHTREE CENTER AVE NE,510,Downtown,M,33.75945,-84.38595
482,AUTO THEFT,103000310,10/27/2010,559 GRANT ST SE,605,Grant Park,W,33.73932,-84.37659
483,BURGLARY-RESIDENCE,103000312,10/27/2010,405 FAIRBURN RD SW,407,Wildwood (NPU-H),H,33.74347,-84.5145
484,AGG ASSAULT,103000373,10/27/2010,367 BELGARDE PL SE,312,Orchard Knob,Z,33.66441,-84.37791
485,AGG ASSAULT,103000430,10/27/2010,1135 OAKLAND LN SW,403,Oakland City,S,33.71965,-84.42493
486,ROBBERY-PEDESTRIAN,103000449,10/27/2010,3781 MARTIN L KING JR DR SW,114,Old Gordon,H,33.76797,-84.51322
487,LARCENY-FROM VEHICLE,103000494,10/27/2010,1108 MONTREAT AVE.,402,Oakland City,S,33.72936,-84.424
488,ROBBERY-PEDESTRIAN,103000495,10/27/2010,1133 MCDANIEL ST SW,302,Pittsburgh,V,33.72398,-84.40185
489,ROBBERY-PEDESTRIAN,103000500,10/27/2010,1668 EASTLAND RD SE,612,East Atlanta,W,33.71898,-84.33038
490,LARCENY-FROM VEHICLE,103000508,10/27/2010,2300 MACON DR SW;,310,Swallow Circle/Baywood,Z,33.69163,-84.39097
491,AUTO THEFT,103000516,10/27/2010,370 NORTHSIDE DR NW,103,English Avenue,L,33.76507,-84.4042
492,ROBBERY-PEDESTRIAN,103000518,10/27/2010,MCDONOUGH BLVD SE / PARK AVE SE,305,Chosewood Park,Y,33.71384,-84.37005
493,AUTO THEFT,103000535,10/27/2010,1880 MARKONE STREET NW ,107,Grove Park,J,33.76962,-84.44847
494,AUTO THEFT,103000548,10/27/2010,3460 KINGSBORO ROAD,210,Buckhead Heights,B,33.85019,-84.35765
495,AUTO THEFT,103000560,10/27/2010,2841 GREENBRIAR PKWY SW,411,Greenbriar,R,33.68677,-84.49773
496,LARCENY-NON VEHICLE,103000568,10/27/2010,3540 N CAMP CREEK PKWY SW,414,,P,33.6681,-84.50267
497,AUTO THEFT,103000585,10/27/2010,1298 NORTH AVE NW,106,Bankhead,K,33.76778,-84.43034
498,AUTO THEFT,103000608,10/27/2010,2001 SYLVAN RD SW,306,Sylvan Hills,X,33.69981,-84.4184
499,AUTO THEFT,103000620,10/27/2010,394 OAKLAND AVE SE,605,Grant Park,W,33.7439,-84.37465
500,LARCENY-FROM VEHICLE,103000621,10/27/2010,1039 HIGH POINT TER SW,305,High Point,Y,33.71707,-84.39449
501,LARCENY-FROM VEHICLE,103000654,10/27/2010,2138 FAULKNER RD NE,212,Lindridge/Martin Manor,F,33.81322,-84.36026
502,AUTO THEFT,103000657,10/27/2010,510 MUSE ST SW,401,Westview,T,33.74121,-84.43339
503,LARCENY-FROM VEHICLE,103000659,10/27/2010,1057 LAWTON AVE SW,402,Oakland City,S,33.72654,-84.42228
504,LARCENY-FROM VEHICLE,103000662,10/27/2010,3460 KINGSBORO ROAD,210,Buckhead Heights,B,33.85015,-84.35835
505,LARCENY-FROM VEHICLE,103000671,10/27/2010,656 PARK VILLAGE DR NE,602,Poncey-Highland,N,33.77248,-84.35866
506,LARCENY-NON VEHICLE,103000683,10/27/2010,3540 N CAMP CREEK PKWY SW,414,,P,33.67051,-84.50299
507,AUTO THEFT,103000719,10/27/2010,2141 SPRINGDALE RD SW,309,Perkerson,X,33.69603,-84.41411
508,AUTO THEFT,103000748,10/27/2010,2283 CORONET WAY NW,201,,C,33.81786,-84.44681
509,BURGLARY-RESIDENCE,103000788,10/27/2010,913 ORMEWOOD TER SE,607,Ormewood Park,W,33.72943,-84.35855
510,AUTO THEFT,103000801,10/27/2010,46 S PRADO NE,502,Ansley Park,E,33.79084,-84.37697
511,BURGLARY-NONRES,103000822,10/27/2010,1562 RALPH D ABERNATHY BLVD SW,404,Westview,T,33.7437,-84.43859
512,LARCENY-FROM VEHICLE,103000834,10/27/2010,655 GREEN ST,207,Berkeley Park,D,33.79299,-84.40941
513,LARCENY-FROM VEHICLE,103000858,10/27/2010,300 PEACHTREE ST NE,508,Downtown,M,33.76293,-84.38714
514,LARCENY-FROM VEHICLE,103000884,10/27/2010,953 WOODLAND AVE SE,607,Ormewood Park,W,33.72844,-84.35246
515,LARCENY-NON VEHICLE,103000911,10/27/2010,2229 DOLTON DR,204,Bolton,D,33.81487,-84.44024
516,BURGLARY-RESIDENCE,103000930,10/27/2010,55 STAFFORD STREET NW ,105,Hunter Hills,K,33.7564,-84.42556
517,AUTO THEFT,103000935,10/27/2010,1572 HARDEE ST NE,609,Edgewood,O,33.75546,-84.33644
518,ROBBERY-COMMERCIAL,103000936,10/27/2010,1715 HOWELL MILL RD.,204,Berkeley Park,D,33.80089,-84.4157
519,BURGLARY-RESIDENCE,103000950,10/27/2010,1324 LIBERTY PKWY NW,204,Bolton,D,33.81785,-84.4406
520,BURGLARY-NONRES,103000968,10/27/2010,1099 HENDON RD SE,313,South River Gardens,Z,33.65576,-84.35362
521,LARCENY-NON VEHICLE,103000982,10/27/2010,4035 SOUTHWOOD CIR SW,412,Ben Hill Terrace,P,33.69583,-84.51989
522,BURGLARY-RESIDENCE,103001018,10/27/2010,2528 RYNE ST NW,109,Center Hill,J,33.7675,-84.46976
523,AUTO THEFT,103001042,10/27/2010,207 HARWELL PL NW,112,Collier Heights,I,33.78154,-84.49301
524,AUTO THEFT,103001048,10/27/2010,1665 WESTLAKE COURT NW ,105,West Lake,J,33.75932,-84.44247
525,BURGLARY-RESIDENCE,103001056,10/27/2010,1105 LAKESIDE VILLAGE DRIVE SE,611,The Villages at East Lake,O,33.74698,-84.31813
526,AGG ASSAULT,103001072,10/27/2010,177 ALYSON CT SE;,312,Glenrose Heights,Z,33.67137,-84.38539
527,LARCENY-NON VEHICLE,103001073,10/27/2010,12 BROAD ST SW,511,Downtown,M,33.7532,-84.39201
528,BURGLARY-RESIDENCE,103001085,10/27/2010,645 BOLTON RD NW,114,Fairburn Heights,H,33.77142,-84.50774
529,LARCENY-NON VEHICLE,103001088,10/27/2010,97 CLAY ST SE,610,Kirkwood,O,33.7506,-84.3307
530,LARCENY-FROM VEHICLE,103001125,10/27/2010,1305 OAKLAND DR SW @OAKLAND CITY PARK,403,Oakland City,S,33.71896,-84.42892
531,LARCENY-FROM VEHICLE,103001139,10/27/2010,815 VIRGINIA CIRLCE ,601,Virginia Highland,F,33.78068,-84.36063
532,LARCENY-NON VEHICLE,103001179,10/27/2010,950 W PEACHTREE ST NW,503,Midtown,E,33.7805,-84.38752
533,AUTO THEFT,103001182,10/27/2010,1422 CHATTAHOOCEE AVE,203,Hills Park,D,33.80672,-84.43462
534,AUTO THEFT,102800447,10/27/2010,2053 TIGER FLOWERS ,108,Dixie Hills,J,33.76038,-84.45451
535,LARCENY-FROM VEHICLE,102962525,10/26/2010,695 NORTH AVE NE,603,Old Fourth Ward,M,33.77073,-84.3645
536,LARCENY-FROM VEHICLE,102990002,10/26/2010,437 MEMORIAL DR SE,605,Grant Park,W,33.74639,-84.37285
537,ROBBERY-PEDESTRIAN,102990057,10/26/2010,3000 CONTINENTAL COLONY PKWY SW,411,Greenbriar,R,33.68077,-84.4937
538,BURGLARY-NONRES,102990080,10/26/2010,2596 DONALD LEE HOLLOWELL PKWY NW,109,Center Hill,J,33.77539,-84.47199
539,LARCENY-NON VEHICLE,102990174,10/26/2010,PIEDMONT AVE NE / 10TH ST NE,503,Midtown,E,33.78178,-84.38047
540,LARCENY-NON VEHICLE,102990297,10/26/2010,2325 MARIETTA BLVD NW,201,,C,33.82065,-84.45274
541,BURGLARY-RESIDENCE,102990323,10/26/2010,1700 DONALD LEE HOLLOWELL PKWY NW,107,Grove Park,J,33.77328,-84.44342
542,LARCENY-FROM VEHICLE,102990340,10/26/2010,WILLIAMS ST NW / W PEACHTREE PL NW,508,Downtown,M,33.76403,-84.39036
543,LARCENY-FROM VEHICLE,102990401,10/26/2010,BROAD ST NW / WALTON ST NW,508,Downtown,M,33.75544,-84.38979
544,ROBBERY-PEDESTRIAN,102990449,10/26/2010,766 JOSEPH E LOWERY BLVD SW,401,West End,T,33.73417,-84.41746
545,AUTO THEFT,102990455,10/26/2010,915 ROSEDALE RD NE,601,Virginia Highland,F,33.77917,-84.34827
546,LARCENY-FROM VEHICLE,102990473,10/26/2010,943 PEACHTREE ST NE,503,Midtown,E,33.7806,-84.3832
547,LARCENY-FROM VEHICLE,102990474,10/26/2010,500 10TH ST,502,Midtown,E,33.78174,-84.36869
548,LARCENY-NON VEHICLE,102990475,10/26/2010,54 PEACHTREE ST SW,511,Downtown,M,33.75286,-84.3912
549,AUTO THEFT,102990477,10/26/2010,500 10TH ST NE,502,,E,33.78186,-84.373
550,BURGLARY-RESIDENCE,102990495,10/26/2010,1940 FISHER RD SE,607,Custer/McDonough/Guice,W,33.70979,-84.35849
551,LARCENY-FROM VEHICLE,102990560,10/26/2010,970 GRANT COVE PL SE,605,Grant Park,W,33.72781,-84.37721
552,LARCENY-FROM VEHICLE,102990608,10/26/2010,3781 SOUTHSIDE INDUSTRIAL CT SE,313,Blair Villa/Poole Creek,Z,33.64941,-84.37792
553,BURGLARY-RESIDENCE,102990617,10/26/2010,43 WYMAN ST NE,609,Kirkwood,O,33.75468,-84.33284
554,LARCENY-FROM VEHICLE,102990643,10/26/2010,388 VALLEY BROOK DR,209,North Buckhead,B,33.87733,-84.37466
555,LARCENY-FROM VEHICLE,102990682,10/26/2010,3652 TAMPA TRL SW,414,Tampa Park,P,33.67861,-84.50786
556,LARCENY-FROM VEHICLE,102990696,10/26/2010,1031 AUSTIN AVE NE,602,Inman Park,N,33.76227,-84.35396
557,LARCENY-FROM VEHICLE,102990713,10/26/2010,737 WOODLAND AVE SE,607,Ormewood Park,W,33.73428,-84.35164
558,BURGLARY-RESIDENCE,102990725,10/26/2010,1703 STANTON RD SW,408,,R,33.70855,-84.44401
559,LARCENY-FROM VEHICLE,102990732,10/26/2010,556 PAINES AVE NW,103,English Avenue,L,33.76997,-84.41476
560,LARCENY-NON VEHICLE,102990735,10/26/2010,2026 ARLINGTON CIR NW ,107,Grove Park,J,33.77072,-84.4533
561,LARCENY-FROM VEHICLE,102990741,10/26/2010,3833 PRINCETON LAKES CT.,414,Princeton Lakes,P,33.65648,-84.51231
562,LARCENY-FROM VEHICLE,102990755,10/26/2010,524 PEEPLES ST SW,401,West End,T,33.74059,-84.4202
563,LARCENY-FROM VEHICLE,102990794,10/26/2010,965 CUNNINGHAM PL. SW,104,Harris Chiles,T,33.74333,-84.41964
564,AUTO THEFT,102990795,10/26/2010,1631 STANTON RD SW,408,,R,33.71076,-84.4438
565,AGG ASSAULT,102990815,10/26/2010,214 THORNTON ST SW,307,Joyland,Y,33.71155,-84.39594
566,LARCENY-FROM VEHICLE,102990834,10/26/2010,2198 VENETIAN DR SW,409,Adams Park,R,33.71533,-84.46035
567,BURGLARY-RESIDENCE,102990876,10/26/2010,31 GOULD ST SE;,307,Lakewood Heights,Y,33.70702,-84.37718
568,LARCENY-FROM VEHICLE,102990887,10/26/2010,1940 FISHER RD SE,607,Custer/McDonough/Guice,W,33.70979,-84.35849
569,LARCENY-FROM VEHICLE,102990927,10/26/2010,794 RALPH MCGILL BLVD NE,603,Old Fourth Ward,M,33.76743,-84.36176
570,AUTO THEFT,102990957,10/26/2010,2455 ABNER PL NW,110,Carver Hills,G,33.80007,-84.46711
571,LARCENY-NON VEHICLE,102990967,10/26/2010,386 NORTH AVE NE,603,Old Fourth Ward,M,33.77154,-84.37445
572,LARCENY-NON VEHICLE,102991033,10/26/2010,501  HARPER RD SE,310,Lakewood,Z,33.69664,-84.37259
573,AGG ASSAULT,102991042,10/26/2010,2784 DONALD LEE HOLLOWELL PKWY NW,112,Collier Heights,I,33.77927,-84.47996
574,LARCENY-NON VEHICLE,102991066,10/26/2010,219 SUNSET AVE NW,102,Vine City,L,33.76063,-84.4097
575,LARCENY-NON VEHICLE,102991077,10/26/2010,GARNETT ST SW / PRYOR ST SW,512,Downtown,M,33.74809,-84.39358
576,LARCENY-FROM VEHICLE,102991109,10/26/2010,112 BEVERLY RD NE,502,Ansley Park,E,33.79704,-84.38374
577,BURGLARY-RESIDENCE,102991110,10/26/2010,89 FORT ST NE,604,Sweet Auburn,M,33.75688,-84.37782
578,BURGLARY-RESIDENCE,102991123,10/26/2010,1989 PHILLIPS DR SE,308,Thomasville Heights,Z,33.69949,-84.354
579,LARCENY-NON VEHICLE,102991169,10/26/2010,1130 MORELAND AVE SE,607,East Atlanta,W,33.7235,-84.34893
580,BURGLARY-NONRES,102991192,10/26/2010,2588 ETHRIDGE DR,113,Carey Park,G,33.78701,-84.4722
581,BURGLARY-RESIDENCE,102991198,10/26/2010,3437 HOGAN RD SW,414,Ben Hill Forest,P,33.67633,-84.50167
582,LARCENY-NON VEHICLE,102991271,10/26/2010,55 MCDONOUGH BLVD SE,305,South Atlanta,Y,33.72024,-84.38654
583,LARCENY-NON VEHICLE,102991304,10/26/2010,388 LUCKIE ST NW,504,Downtown,M,33.76516,-84.3964
584,LARCENY-NON VEHICLE,102991309,10/26/2010,2799 PIEDMONT RD NE,211,Peachtree Park,B,33.83047,-84.36763
585,AGG ASSAULT,102991320,10/26/2010,500 NORTHSIDE CIRCLE,207,Loring Heights,E,33.79724,-84.40668
586,BURGLARY-RESIDENCE,102991344,10/26/2010,177 MOURY AVE SW,305,The Villages at Carver,Y,33.71348,-84.39052
587,LARCENY-NON VEHICLE,102991350,10/26/2010,590 CASCADE AVE SW,402,West End,T,33.73812,-84.43276
588,LARCENY-NON VEHICLE,102991368,10/26/2010,421 MORELAND AVE NE,608,Candler Park,N,33.76598,-84.34896
589,AUTO THEFT,102991393,10/26/2010,555 MCDANIEL ST SW,303,Mechanicsville,V,33.73814,-84.40163
590,BURGLARY-RESIDENCE,102991398,10/26/2010,1675 WILLIS MILL RD SW,409,Southwest,R,33.71028,-84.47058
591,LARCENY-NON VEHICLE,102991403,10/26/2010,84 WALTON ST,508,Downtown,M,33.75672,-84.39123
592,LARCENY-NON VEHICLE,102991404,10/26/2010,1870 CAMPBELLTON RD SW,408,,R,33.70939,-84.44964
593,BURGLARY-RESIDENCE,102991406,10/26/2010,1271 CAHABA DR SW,408,Venetian Hills,S,33.72011,-84.44867
594,LARCENY-NON VEHICLE,102991439,10/26/2010,388 LUCKIE ST NW,504,Downtown,M,33.76516,-84.3964
595,LARCENY-NON VEHICLE,102991445,10/26/2010,1014 WASHINGTON HEIGHTS TER NW,105,Washington Park,K,33.76056,-84.42097
596,AUTO THEFT,102991483,10/26/2010,MEMORIAL DR SE / WARREN ST SE,610,,,33.74741,-84.32628
597,LARCENY-FROM VEHICLE,102991536,10/26/2010,1579 MONROE DR NE,213,Piedmont Heights,F,33.79819,-84.36974
598,AUTO THEFT,102991557,10/26/2010,1257 MARIETTA BLVD NW,203,Blandtown,D,33.78917,-84.42803
599,BURGLARY-RESIDENCE,102991559,10/26/2010,501 CONNELL AVE SW,309,Perkerson,X,33.68327,-84.40662
600,AUTO THEFT,102991562,10/26/2010,61 FAIRBURN RD SW,407,Adamsville,H,33.75613,-84.50579
601,LARCENY-NON VEHICLE,102991563,10/26/2010,185 CENTRAL  AVE SW,512,Downtown,M,33.7499,-84.39058
602,AUTO THEFT,102991619,10/26/2010,243 MCDONOUGH BLVD. SW,305,South Atlanta,Y,33.71733,-84.38077
603,LARCENY-NON VEHICLE,102991627,10/26/2010,1856 PIEDMONT AVE NE,212,Piedmont Heights,F,33.80678,-84.36669
604,LARCENY-FROM VEHICLE,102991629,10/26/2010,1820 MARY DELL DR SE ; SOUTH METRO SCHOOL,612,East Atlanta,W,33.72385,-84.32906
605,BURGLARY-RESIDENCE,102991688,10/26/2010,2235 1ST AVE NE,610,Kirkwood,O,33.75494,-84.31439
606,LARCENY-FROM VEHICLE,102991702,10/26/2010,1661 MERTON RD NE,213,Morningside/Lenox Park,F,33.79992,-84.35525
607,AGG ASSAULT,102991731,10/26/2010,1659 NEKOMA ST NW,107,Grove Park,J,33.76703,-84.44214
608,LARCENY-FROM VEHICLE,102991741,10/26/2010,1820 MARY DELL DR SE,612,East Atlanta,W,33.72385,-84.32906
609,LARCENY-NON VEHICLE,102991771,10/26/2010,2685 METROPOLITAN PKWY SW,309,Perkerson,X,33.68274,-84.40902
610,BURGLARY-RESIDENCE,102991775,10/26/2010,1994 BENT CREEK WAY SW,410,Campbellton Road,R,33.7011,-84.46631
611,BURGLARY-RESIDENCE,102991780,10/26/2010,2557 PRESTON VIEW CT SW,310,Browns Mill Park,Z,33.6869,-84.39238
612,BURGLARY-RESIDENCE,102991803,10/26/2010,78 ADAIR AVE SE,307,Lakewood Heights,Y,33.70644,-84.38572
613,AUTO THEFT,102991804,10/26/2010,3099 PANTHER TRL SW @THERRELL HIGH,409,Southwest,R,33.69931,-84.48914
614,LARCENY-FROM VEHICLE,102991816,10/26/2010,21 ELLIS ST NE,510,Downtown,M,33.75833,-84.38681
615,BURGLARY-RESIDENCE,102991840,10/26/2010,1690 KENMORE ST SW,403,Cascade Avenue/Road,S,33.72665,-84.44342
616,LARCENY-FROM VEHICLE,102991863,10/26/2010,2525 PIEDMONT RD NE,211,Lindbergh/Morosgo,B,33.824,-84.36521
617,BURGLARY-RESIDENCE,102991873,10/26/2010,537 OLIVER ST NW,103,English Avenue,L,33.76944,-84.41523
618,BURGLARY-RESIDENCE,102991883,10/26/2010,875 HANK AARON DR SW,304,Peoplestown,V,33.73065,-84.38805
619,BURGLARY-RESIDENCE,102991884,10/26/2010,272 HOWELL TER SW,407,Adamsville,H,33.75086,-84.50432
620,BURGLARY-RESIDENCE,102991897,10/26/2010,509 LINDBERGH PL NE,211,Lindbergh/Morosgo,B,33.81913,-84.37202
621,LARCENY-NON VEHICLE,102991910,10/26/2010,464 MORELAND AVE NE,602,Inman Park,N,33.76686,-84.34915
622,LARCENY-NON VEHICLE,102991936,10/26/2010,1001 PONCE DE LEON AVE NE,602,Poncey-Highland,N,33.7734,-84.35467
623,LARCENY-NON VEHICLE,102991955,10/26/2010,1801 HOWELL MILL RD NW,204,Berkeley Park,D,33.80388,-84.41278
624,LARCENY-FROM VEHICLE,102991970,10/26/2010,SPRING ST SW / TRINITY AVE SW,507,Castleberry Hill,M,33.7506,-84.39706
625,LARCENY-NON VEHICLE,102991986,10/26/2010,1133 EUCLID AVE NE,602,Inman Park,N,33.76451,-84.35
626,LARCENY-NON VEHICLE,102991993,10/26/2010,3500 PEACHTREE ROAD,208,North Buckhead,B,33.85302,-84.36278
627,AGG ASSAULT,102992041,10/26/2010,445 CLEVELAND AVE SE,312,Rosedale Heights,Z,33.68149,-84.37152
628,LARCENY-FROM VEHICLE,102992047,10/26/2010,180 JACKSON,604,Sweet Auburn,M,33.75769,-84.37433
629,LARCENY-FROM VEHICLE,102992080,10/26/2010,12TH ST NE / PIEDMONT AVE NE,502,Midtown,E,33.78331,-84.37958
630,AUTO THEFT,102992095,10/26/2010,1696 LAKEWOOD AVE SE,307,Lakewood Heights,Y,33.70781,-84.37988
631,LARCENY-FROM VEHICLE,102992126,10/26/2010, 935 MARIETTA STREET SW,504,Marietta Street Artery,E,33.77795,-84.40849
632,LARCENY-NON VEHICLE,102992128,10/26/2010,1440 JONESBORO RD SE,305,South Atlanta,Y,33.71537,-84.38312
633,LARCENY-NON VEHICLE,102992129,10/26/2010,411 CLEVELAND AVE SW,309,Perkerson,X,33.68145,-84.40305
634,AUTO THEFT,102992150,10/26/2010,2838 BROWNTOWN RD NW,113,Bolton Hills,G,33.80275,-84.48165
635,LARCENY-NON VEHICLE,102992215,10/26/2010,1225 CAROLINE ST NE,609,Edgewood,O,33.75605,-84.34813
636,AGG ASSAULT,102992222,10/26/2010,1519 PRYOR RD SW,307,Joyland,Y,33.71403,-84.3939
637,BURGLARY-RESIDENCE,102992232,10/26/2010,1975 ALISON CT SW,410,Campbellton Road,R,33.70081,-84.45327
638,LARCENY-FROM VEHICLE,102992304,10/26/2010,3280 PEACHTREE ROAD,208,North Buckhead,B,33.84443,-84.3711
639,ROBBERY-PEDESTRIAN,102992310,10/26/2010,162 CHAPPELL RD NW,105,Hunter Hills,K,33.75918,-84.43368
640,AUTO THEFT,102992315,10/26/2010,198 MITCHELL ST SW,512,Downtown,M,33.75166,-84.39433
641,LARCENY-NON VEHICLE,102992374,10/26/2010,AUBURN AVE NE / PIEDMONT AVE NE,510,Downtown,M,33.75555,-84.38225
642,LARCENY-FROM VEHICLE,102992376,10/26/2010,JESSE HILL JR DR/IRWIN ST,511,Downtown,M,33.74876,-84.38606
643,AUTO THEFT,102992380,10/26/2010,472 DECKNER AVE SW,301,Capitol View Manor,X,33.71456,-84.40318
644,LARCENY-FROM VEHICLE,102992407,10/26/2010,LUCKIE ST NW / CONE ST NW,508,Downtown,M,33.75786,-84.39012
645,LARCENY-FROM VEHICLE,102992434,10/26/2010,1270 W PEACHTREE ST NW,502,Midtown,E,33.78937,-84.3882
646,LARCENY-NON VEHICLE,102992445,10/26/2010,2900 CAMPBELLTON RD SW,409,Southwest,R,33.69761,-84.48336
647,LARCENY-FROM VEHICLE,102992450,10/26/2010,JOSEPH E LOWERY BLVD NW / JOSEPH E BOONE BLVD NW,105,Washington Park,K,33.76347,-84.41747
648,AUTO THEFT,102992467,10/26/2010,132 10TH ST NE,503,Midtown,E,33.78222,-84.3829
649,BURGLARY-RESIDENCE,102992474,10/26/2010,499 NORTHSIDE CIR NW,207,Loring Heights,E,33.79742,-84.40671
650,LARCENY-NON VEHICLE,102992478,10/26/2010,565 GREENSFERRY AVE SW,101,The Villages at Castleberry H,T,33.74651,-84.40675
651,LARCENY-FROM VEHICLE,102992503,10/26/2010,100 LUCKIE ST NW / CONE ST NW,508,Downtown,M,33.75786,-84.39012
652,LARCENY-FROM VEHICLE,102992541,10/26/2010,652 QUEEN ST SW,402,West End,T,33.73731,-84.42514
653,AGG ASSAULT,102992602,10/26/2010,PIEDMONT AVE NE / 12TH ST NE,502,Midtown,E,33.78331,-84.37958
654,LARCENY-FROM VEHICLE,102998019,10/26/2010,N ECON @6011 N TERMINAL BYWY ;ROW 19A,50,,,33.64216,-84.44756
655,LARCENY-NON VEHICLE,102981760,10/26/2010,3755 CARMIA DRIVE,414,Princeton Lakes,P,33.65629,-84.51134
656,AGG ASSAULT,102982140,10/26/2010,2479 PEACHTREE RD NE,207,,E,33.81,-84.39583
657,AGG ASSAULT,102982079,10/26/2010,1192 PRYOR,304,Peoplestown,V,33.72287,-84.3928
658,LARCENY-NON VEHICLE,102982082,10/25/2010,2900 CAMPBELLTON RD SW,409,Southwest,R,33.69761,-84.48336
659,ROBBERY-PEDESTRIAN,102982093,10/25/2010,1034 LAWTON AVE SW,402,Oakland City,S,33.72574,-84.42182
660,LARCENY-FROM VEHICLE,102982110,10/25/2010,2521 DONALD LEE HOLLOWELL PKWY NW,109,Center Hill,J,33.7759,-84.46841
661,AGG ASSAULT,102982117,10/25/2010,62 HARWELL RD NW,111,,I,33.7538,-84.493
662,LARCENY-NON VEHICLE,102982127,10/25/2010,3393 PEACHTREE RD NE STE 1003,210,Lenox,B,33.84892,-84.36426
663,BURGLARY-RESIDENCE,102981611,10/25/2010,545 ENGLISH AVE NW,103,English Avenue,L,33.76958,-84.41324
664,LARCENY-NON VEHICLE,102981641,10/25/2010,464 MORELAND AVE NE,602,Inman Park,N,33.76686,-84.34915
665,LARCENY-NON VEHICLE,102981643,10/25/2010,529 IRWIN ST NE,604,Old Fourth Ward,M,33.75754,-84.37018
666,BURGLARY-RESIDENCE,102981692,10/25/2010,1991 DELOWE DR SW,410,Campbellton Road,R,33.70103,-84.45746
667,LARCENY-FROM VEHICLE,102981718,10/25/2010,CRESCENT AVE NE / 12TH ST NE,503,Midtown,E,33.78455,-84.38434
668,BURGLARY-RESIDENCE,102982156,10/25/2010,1367 ANIWAKA AVE SW,408,Venetian Hills,S,33.71812,-84.44134
669,LARCENY-NON VEHICLE,102981790,10/25/2010,195 FAIRBURN NW,111,Adamsville,H,33.76084,-84.50343
670,LARCENY-NON VEHICLE,102981795,10/25/2010,2685 METROPOLITAN PKWY SW,309,Perkerson,X,33.68274,-84.40902
671,LARCENY-NON VEHICLE,102981797,10/25/2010,120 HARWELL RD NW,111,,I,33.75457,-84.49304
672,LARCENY-FROM VEHICLE,102981819,10/25/2010,MONROE DR NE / KANUGA ST NE,601,Virginia Highland,F,33.78231,-84.36851
673,LARCENY-NON VEHICLE,102981827,10/25/2010,1955 COMPTON DR SE ,307,Lakewood Heights,Y,33.7009,-84.38279
674,LARCENY-FROM VEHICLE,102981850,10/25/2010,3850 ROSWELL RD,209,East Chastain Park,B,33.85988,-84.38156
675,LARCENY-NON VEHICLE,102981900,10/25/2010,1371 MARKET ST NW,501,Atlantic Station,E,33.7921,-84.39466
676,LARCENY-FROM VEHICLE,102981904,10/25/2010,3368 PEACHTREE RD NE,208,North Buckhead,B,33.84713,-84.36802
677,AUTO THEFT,102981915,10/25/2010,1705 ABNER CT NW,110,Carver Hills,G,33.80223,-84.46617
678,BURGLARY-RESIDENCE,102981920,10/25/2010,3062 W PEEK RD NW,112,Collier Heights,I,33.77293,-84.4867
679,AGG ASSAULT,102981931,10/25/2010,2 PARK PL SE,510,Downtown,M,33.75445,-84.38954
680,LARCENY-FROM VEHICLE,102981933,10/25/2010,2391 PEACHTREE RD NE,211,Peachtree Hills,B,33.8206,-84.3881
681,LARCENY-FROM VEHICLE,102981941,10/25/2010,PEACHTREE ST NE / 6TH ST NE,505,Midtown,E,33.77736,-84.38442
682,LARCENY-FROM VEHICLE,102981946,10/25/2010,701 HIGHLAND AVE NE,604,Old Fourth Ward,M,33.76124,-84.36391
683,LARCENY-FROM VEHICLE,102981954,10/25/2010,386 CAIRO ST,106,Bankhead,K,33.76526,-84.41984
684,AGG ASSAULT,102981961,10/25/2010,438 VINE ST NW,103,English Avenue,L,33.76666,-84.40784
685,LARCENY-FROM VEHICLE,102981962,10/25/2010,3365 PIEDMONT RD NE,208,North Buckhead,B,33.84568,-84.37229
686,LARCENY-FROM VEHICLE,102981969,10/25/2010,2140 PEACHTREE RD NW,207,,C,33.81301,-84.3938
687,BURGLARY-NONRES,102981981,10/25/2010,1562 RALPH D ABERNATHY BLVD SW,404,Westview,T,33.7437,-84.43859
688,LARCENY-FROM VEHICLE,102982000,10/25/2010,215 NORTH AVE NE @SAVANNAH MIDTOWN,603,Old Fourth Ward,M,33.7706,-84.38034
689,AGG ASSAULT,102982021,10/25/2010,2555 ETHERIDGE DR NW,113,Carey Park,G,33.78815,-84.47173
690,ROBBERY-RESIDENCE,102982040,10/25/2010,2065 DEFOORS FERRY RD NW,204,,C,33.81262,-84.42536
691,BURGLARY-RESIDENCE,102982078,10/25/2010,920 SELLS AVE,104,Harris Chiles,T,33.74532,-84.41819
692,LARCENY-NON VEHICLE,102971113,10/25/2010,1008 BRADY AVE,501,Home Park,E,33.78251,-84.41436
693,BURGLARY-RESIDENCE,102962205,10/25/2010,145 JAMES P BRAWLEY BLVD,102,Vine City,L,33.75867,-84.41236
694,LARCENY-FROM VEHICLE,102972000,10/25/2010,434 COLOGNE DR SE,313,Blair Villa/Poole Creek,Z,33.66133,-84.37781
695,AUTO THEFT,102980003,10/25/2010,1264 BARNES ST NW,501,Home Park,E,33.78932,-84.39477
696,AUTO THEFT,102980037,10/25/2010,950 MARIETTA ST NW,504,Marietta Street Artery,E,33.77682,-84.40822
697,LARCENY-FROM VEHICLE,102980046,10/25/2010,1335 MARIETTA BLVD NW,203,Blandtown,D,33.79209,-84.43017
698,LARCENY-FROM VEHICLE,102980123,10/25/2010,SPRING ST NW / 3RD ST NW,505,Midtown,E,33.77393,-84.38883
699,AUTO THEFT,102980176,10/25/2010,820 W MARIETTA ST NW,103,English Avenue,L,33.78089,-84.41622
700,LARCENY-NON VEHICLE,102980235,10/25/2010,195 OTTLEY DR NE,212,,E,33.80807,-84.38112
701,AGG ASSAULT,102980268,10/25/2010,226 TAFT ST SW,307,Joyland,Y,33.71031,-84.39637
702,AUTO THEFT,102980383,10/25/2010,3350 MOUNT GILEAD RD SW,409,Southwest,R,33.6982,-84.49859
703,LARCENY-FROM VEHICLE,102980397,10/25/2010,194 LINKWOOD RD NW,112,Collier Heights,I,33.76044,-84.4828
704,AUTO THEFT,102980404,10/25/2010,1660 PEACHTREE ST NW,502,Midtown,E,33.79874,-84.39164
705,AUTO THEFT,102980500,10/25/2010,898 BEECHER ST SW,401,West End,T,33.7332,-84.41722
706,BURGLARY-RESIDENCE,102980509,10/25/2010,1785 RIDGEWAY AVE,204,Underwood Hills,D,33.80369,-84.41622
707,LARCENY-FROM VEHICLE,102980557,10/25/2010,2129 CAMPBELLTON RD SW,409,Adams Park,R,33.70645,-84.45846
708,BURGLARY-RESIDENCE,102980583,10/25/2010,897 BECKWITH ST,101,Atlanta University Center,T,33.75235,-84.417
709,LARCENY-FROM VEHICLE,102980590,10/25/2010,307 LYDIA DR,310,Browns Mill Park,Z,33.68626,-84.37937
710,AUTO THEFT,102980599,10/25/2010,2891 SPRINGDALE RD SW,311,Hammond Park,X,33.67628,-84.41592
711,BURGLARY-RESIDENCE,102980682,10/25/2010,187 WHITEFOORD AVE SE,609,Edgewood,O,33.74823,-84.3425
712,LARCENY-NON VEHICLE,102980699,10/25/2010,701 MCDONALD ST SE,606,Grant Park,W,33.7459,-84.36449
713,AUTO THEFT,102980718,10/25/2010,1908 PEACHTREE PARK DR NE,207,,E,33.81357,-84.38952
714,LARCENY-NON VEHICLE,102980729,10/25/2010,939 JEFFERSON ST NW ,106,Knight Park/Howell Station,K,33.77568,-84.4187
715,LARCENY-NON VEHICLE,102980739,10/25/2010,12 BROAD ST SW,511,Downtown,M,33.7532,-84.39201
716,AUTO THEFT,102980753,10/25/2010,49 BOULEVARD SE,604,Sweet Auburn,M,33.75275,-84.37186
717,BURGLARY-RESIDENCE,102980760,10/25/2010,2296 CARVER DR NW,108,Dixie Hills,J,33.7597,-84.46274
718,AUTO THEFT,102980771,10/25/2010,1660 PEACHTREE ST. NW.,502,Midtown,E,33.79874,-84.39164
719,AUTO THEFT,102980780,10/25/2010,454 MARIETTA ST NW,507,Downtown,M,33.76575,-84.39781
720,AUTO THEFT,102980788,10/25/2010,I-20 WB EXPY NW & MARTIN L KING JR DR NW,104,Penelope Neighbors,J,33.75095,-84.44468
721,LARCENY-NON VEHICLE,102980812,10/25/2010,659 PEACHTREE ST NE,505,Midtown,E,33.77244,-84.38478
722,BURGLARY-RESIDENCE,102980813,10/25/2010,172 HOWARD ST NE,610,Kirkwood,O,33.75721,-84.32358
723,AUTO THEFT,102980831,10/25/2010,371 IRWIN ST NE;,604,Sweet Auburn,M,33.75747,-84.37539
724,LARCENY-FROM VEHICLE,102980868,10/25/2010,480 JOHN WESLEY DOBBS AVE NE,604,Old Fourth Ward,M,33.75942,-84.37151
725,LARCENY-NON VEHICLE,102980873,10/25/2010,3648 PEACHTREE RD NE,209,Brookhaven,B,33.85459,-84.35698
726,LARCENY-NON VEHICLE,102980895,10/25/2010,2115 PIEDMONT RD NE,212,Morningside/Lenox Park,F,33.81274,-84.36659
727,LARCENY-NON VEHICLE,102980909,10/25/2010,120 HAMDEN FOREST TRL SW,412,Midwest Cascade,Q,33.72287,-84.53964
728,LARCENY-FROM VEHICLE,102980941,10/25/2010,150 CARNEGIE WAY NW,508,Downtown,M,33.75832,-84.38905
729,BURGLARY-RESIDENCE,102980978,10/25/2010,1360 WESTMONT RD SW,403,Venetian Hills,S,33.71818,-84.43741
730,BURGLARY-RESIDENCE,102980998,10/25/2010,85 MOUNT ZION RD SW,312,Glenrose Heights,Z,33.67291,-84.39153
731,BURGLARY-RESIDENCE,102981013,10/25/2010,1240 OAKLAND DR SW,403,Oakland City,S,33.72138,-84.42733
732,LARCENY-NON VEHICLE,102981026,10/25/2010,3780 PRINCETON LAKES PKWY SW,414,Princeton Lakes,P,33.65765,-84.5095
733,AUTO THEFT,102981053,10/25/2010,1560 METROPOLITAN PKWY SW @ATLANTA AREA TECH S,306,Sylvan Hills,X,33.71194,-84.40422
734,AGG ASSAULT,102981066,10/25/2010,2877 DONALD LEE HOLLOWELL PKWY. NW,113,Brookview Heights,G,33.78028,-84.48032
735,BURGLARY-RESIDENCE,102981085,10/25/2010,3510 THOMPSON DR NW,111,Adamsville,H,33.76183,-84.50273
736,BURGLARY-RESIDENCE,102981087,10/25/2010,3670 ADKINS RD NW,114,Carroll Heights,H,33.77248,-84.50922
737,LARCENY-FROM VEHICLE,102981090,10/25/2010,LUCKIE ST NW / CONE ST NW,508,Downtown,M,33.75786,-84.39012
738,LARCENY-FROM VEHICLE,102981099,10/25/2010,964 CHARLES ALLEN DR. NE.,503,Midtown,E,33.78089,-84.373
739,AUTO THEFT,102981117,10/25/2010,520 FULTON ST SW,303,Mechanicsville,V,33.74092,-84.40419
740,LARCENY-NON VEHICLE,102981120,10/25/2010,3535 PEACHTREE RD NE,210,Lenox,B,33.85182,-84.3595
741,AGG ASSAULT,102981121,10/25/2010,2116 BARGE RD SW,412,Briar Glen,P,33.69798,-84.50591
742,LARCENY-NON VEHICLE,102981145,10/25/2010,366 WELLINGTON ST SW,404,Westview,T,33.74526,-84.43852
743,LARCENY-NON VEHICLE,102981170,10/25/2010,2124 CHESHIRE BRIDGE RD NE,212,Lindridge/Martin Manor,F,33.81307,-84.35424
744,BURGLARY-RESIDENCE,102981178,10/25/2010,1107 4TH ST NW,109,Carey Park,G,33.78523,-84.47029
745,BURGLARY-RESIDENCE,102981187,10/25/2010,415 FAIRBURN RD SW,407,Fairburn Mays,H,33.74349,-84.50968
746,LARCENY-FROM VEHICLE,102981193,10/25/2010,513 EDGEWOOD AVE SE,604,Old Fourth Ward,M,33.75411,-84.37077
747,LARCENY-NON VEHICLE,102981194,10/25/2010,2841 GREENBRIAR PKWY SW,411,Greenbriar,R,33.68677,-84.49773
748,LARCENY-FROM VEHICLE,102981205,10/25/2010,2124 CHESHIRE BRIDGE RD NE,212,Lindridge/Martin Manor,F,33.81307,-84.35424
749,BURGLARY-RESIDENCE,102981208,10/25/2010,1935 ALISON CT SW,410,Fort Valley,R,33.70055,-84.45149
750,BURGLARY-RESIDENCE,102981216,10/25/2010,892 SPENCER,102,Vine City,L,33.75961,-84.41673
751,LARCENY-FROM VEHICLE,102981260,10/25/2010,PEACHTREE CENTER AVE NE / ELLIS ST NE,510,Downtown,M,33.75841,-84.38608
752,LARCENY-FROM VEHICLE,102981273,10/25/2010,207 PEACHTREE CENTER AVE NE,509,Downtown,M,33.7602,-84.38554
753,LARCENY-FROM VEHICLE,102981283,10/25/2010,75 MARTIN L KING JR DR SW,511,Downtown,M,33.75119,-84.38996
754,LARCENY-NON VEHICLE,102981299,10/25/2010,590 CASCADE AVE SW,402,West End,T,33.73812,-84.43276
755,AGG ASSAULT,102981304,10/25/2010,1614 HOLLYWOOD RD NW,113,Scotts Crossing,G,33.79919,-84.47004
756,BURGLARY-RESIDENCE,102981343,10/25/2010,177 12TH ST,503,Midtown,E,33.78421,-84.38158
757,BURGLARY-NONRES,102981357,10/25/2010,1708 PEACHTREE ST NW,207,Brookwood,E,33.8004,-84.39323
758,AUTO THEFT,102981416,10/25/2010,844 FULTON TER SE,606,Reynoldstown,N,33.74906,-84.35972
759,BURGLARY-RESIDENCE,102981429,10/25/2010,177 12TH ST,503,Midtown,E,33.78403,-84.38167
760,LARCENY-FROM VEHICLE,102981439,10/25/2010,3004 PIEDMONT RD NE,206,Garden Hills,B,33.83665,-84.36838
761,AGG ASSAULT,102981441,10/25/2010,3116 BENJAMIN E MAYS DR SW,406,Green Forest Acres,I,33.73303,-84.48973
762,LARCENY-FROM VEHICLE,102981444,10/25/2010,1990 WELLBOURNE DR NE,213,Morningside/Lenox Park,F,33.80884,-84.36023
763,ROBBERY-PEDESTRIAN,102981568,10/25/2010,3804 MARTIN L KING JR DR NW ,114,Old Gordon,H,33.76759,-84.51254
764,LARCENY-NON VEHICLE,102981571,10/25/2010,80 JESSE HILL JR DR SE @GRADY;,510,Downtown,M,33.75168,-84.38198
765,BURGLARY-RESIDENCE,102981596,10/25/2010,184 MURRAY HILL AVE NE,610,Kirkwood,O,33.75772,-84.31619
766,LARCENY-FROM VEHICLE,102981597,10/25/2010,15 PEACHTREE ST SW,511,Downtown,M,33.75369,-84.39043
767,LARCENY-NON VEHICLE,102981600,10/25/2010,2573 COLLIER RD ,112,Collier Heights,I,33.76389,-84.47186
768,LARCENY-FROM VEHICLE,102972025,10/24/2010,W PEACHTREE ST NW / 4TH ST NW,505,Midtown,E,33.77509,-84.38732
769,BURGLARY-RESIDENCE,102972052,10/24/2010,2909 CAMPBELLTON RD SW,409,Southwest,R,33.70177,-84.48448
770,LARCENY-FROM VEHICLE,102972058,10/24/2010,931 MONROE DR NE,506,Midtown,E,33.77973,-84.3676
771,BURGLARY-RESIDENCE,102972065,10/24/2010,147 26TH ST NW,207,Brookwood,E,33.80251,-84.39773
772,LARCENY-FROM VEHICLE,102978010,10/24/2010,N DECK @6023 N TERMINAL BYWY ;EXIT,50,,,33.64217,-84.447
773,LARCENY-FROM VEHICLE,102978019,10/24/2010,6011 N. TERMINAL PKWY,50,,,33.64216,-84.44756
774,ROBBERY-PEDESTRIAN,102962360,10/24/2010,1575 MARTIN LUTHER KING DRIVE,104,Mozley Park,K,33.7528,-84.43922
775,BURGLARY-RESIDENCE,102970002,10/24/2010,3106 ABBEY DR SW,414,Princeton Lakes,P,33.667,-84.50861
776,AUTO THEFT,102970039,10/24/2010,1030 SELLS AVE,104,Harris Chiles,T,33.74529,-84.4233
777,LARCENY-FROM VEHICLE,102970044,10/24/2010,765 NORTH AVE NE,602,Poncey-Highland,N,33.77113,-84.36229
778,BURGLARY-RESIDENCE,102970068,10/24/2010,2254 ABNER PL NW,110,Carver Hills,G,33.80201,-84.46134
779,LARCENY-NON VEHICLE,102970101,10/24/2010,1980 DELOWE DR SW,410,Campbellton Road,R,33.70121,-84.45724
780,AUTO THEFT,102970123,10/24/2010,CUNNINGHAM PL SW / PEEPLES ST SW,104,Harris Chiles,T,33.74324,-84.4205
781,ROBBERY-PEDESTRIAN,102970178,10/24/2010,162 FLAT SHOALS AVE SE,606,Reynoldstown,N,33.74947,-84.35429
782,LARCENY-NON VEHICLE,102970180,10/24/2010,705 PIEDMONT AVE NE,505,Midtown,E,33.77385,-84.38154
783,BURGLARY-RESIDENCE,102970198,10/24/2010,1043 CONLEY RD SE,313,South River Gardens,Z,33.64877,-84.35604
784,LARCENY-NON VEHICLE,102970263,10/24/2010,3112 PIEDMONT RD NE,206,Buckhead Village,B,33.84088,-84.37057
785,LARCENY-FROM VEHICLE,102971123,10/24/2010,105 JOSEPH E LOWERY BLVD SW,104,Ashview Heights,T,33.75164,-84.4179
786,BURGLARY-RESIDENCE,102971155,10/24/2010,367 ILLINOIS,303,Mechanicsville,V,33.73736,-84.40024
787,AGG ASSAULT,102971204,10/24/2010,445 MARKHAM ST SW,507,Castleberry Hill,M,33.75274,-84.40069
788,LARCENY-FROM VEHICLE,102971223,10/24/2010,1170 CRESCENT AVE NE,503,Midtown,E,33.78633,-84.38471
789,LARCENY-FROM VEHICLE,102971229,10/24/2010,PEACHTREE ST SW / MITCHELL ST SW,512,Downtown,M,33.75094,-84.39303
790,LARCENY-NON VEHICLE,102971242,10/24/2010,3050 PEACHTREE RD,206,Peachtree Heights West,B,33.83865,-84.38106
791,AGG ASSAULT,102971246,10/24/2010,669 ELBRIDGE DR NW,106,,J,33.77309,-84.43208
792,LARCENY-FROM VEHICLE,102971265,10/24/2010,15 JAMES P BRAWLEY DR SW,101,Atlanta University Center,T,33.75421,-84.41288
793,BURGLARY-RESIDENCE,102971275,10/24/2010,765 MCDANIEL ST SW,302,Pittsburgh,V,33.73396,-84.40177
794,AUTO THEFT,102971285,10/24/2010,950 MARIETTA ST NW,504,Marietta Street Artery,E,33.77689,-84.40807
795,BURGLARY-RESIDENCE,102971313,10/24/2010,1010 ANGELO CT NE,209,Brookhaven,B,33.88121,-84.35427
796,BURGLARY-RESIDENCE,102971341,10/24/2010,789 CHESTNUT PL,102,Vine City,L,33.76133,-84.41328
797,AUTO THEFT,102971346,10/24/2010,931 MONROE DR NE,506,Midtown,E,33.77973,-84.3676
798,LARCENY-NON VEHICLE,102971351,10/24/2010,801 GRANT TER SE,304,Summerhill,V,33.73265,-84.38012
799,LARCENY-NON VEHICLE,102971359,10/24/2010,2516 MARTIN L KING JR DR SW,405,Harland Terrace,I,33.75242,-84.47042
800,LARCENY-FROM VEHICLE,102971381,10/24/2010,222 PETERS ST SW,507,Castleberry Hill,M,33.74824,-84.40041